dataset_id,cell_id,protocol_id,segment_id,time_s,current_raw_A,current_discharge_A,voltage_V,reference_temperature_K,surface_temperature_K,core_temperature_K,data_kind,source_id
AE_NMC,AE_NMC_reference_unknown_serial,C20_discharge,C/20 discharge,0,-0.625,0.625,4.19367569,298.15,,,source_embedded_reference_curve,S01
AE_NMC,AE_NMC_reference_unknown_serial,C20_discharge,C/20 discharge,1000,-0.625,0.625,4.1677888,298.15,,,source_embedded_reference_curve,S01
AE_NMC,AE_NMC_reference_unknown_serial,C20_discharge,C/20 discharge,2000,-0.625,0.625,4.14976386,298.15,,,source_embedded_reference_curve,S01
AE_NMC,AE_NMC_reference_unknown_serial,C20_discharge,C/20 discharge,3000,-0.625,0.625,4.13250593,298.15,,,source_embedded_reference_curve,S01
AE_NMC,AE_NMC_reference_unknown_serial,C20_discharge,C/20 discharge,4000,-0.625,0.625,4.11582327,298.15,,,source_embedded_reference_curve,S01
AE_NMC,AE_NMC_reference_unknown_serial,C20_discharge,C/20 discharge,5000,-0.625,0.625,4.09952412,298.15,,,source_embedded_reference_curve,S01
AE_NMC,AE_NMC_reference_unknown_serial,C20_discharge,C/20 discharge,6000,-0.625,0.625,4.08360848,298.15,,,source_embedded_reference_curve,S01
AE_NMC,AE_NMC_reference_unknown_serial,C20_discharge,C/20 discharge,7000,-0.625,0.625,4.06788459,298.15,,,source_embedded_reference_curve,S01
AE_NMC,AE_NMC_reference_unknown_serial,C20_discharge,C/20 discharge,8000,-0.625,0.625,4.05254422,298.15,,,source_embedded_reference_curve,S01
AE_NMC,AE_NMC_reference_unknown_serial,C20_discharge,C/20 discharge,9000,-0.625,0.625,4.03720384,298.15,,,source_embedded_reference_curve,S01
AE_NMC,AE_NMC_reference_unknown_serial,C20_discharge,C/20 discharge,10000,-0.625,0.625,4.02186346,298.15,,,source_embedded_reference_curve,S01
AE_NMC,AE_NMC_reference_unknown_serial,C20_discharge,C/20 discharge,11000,-0.625,0.625,4.00690659,298.15,,,source_embedded_reference_curve,S01
AE_NMC,AE_NMC_reference_unknown_serial,C20_discharge,C/20 discharge,12000,-0.625,0.625,3.99194973,298.15,,,source_embedded_reference_curve,S01
AE_NMC,AE_NMC_reference_unknown_serial,C20_discharge,C/20 discharge,13000,-0.625,0.625,3.97699286,298.15,,,source_embedded_reference_curve,S01
AE_NMC,AE_NMC_reference_unknown_serial,C20_discharge,C/20 discharge,14000,-0.625,0.625,3.96222774,298.15,,,source_embedded_reference_curve,S01
AE_NMC,AE_NMC_reference_unknown_serial,C20_discharge,C/20 discharge,15000,-0.625,0.625,3.94727088,298.15,,,source_embedded_reference_curve,S01
AE_NMC,AE_NMC_reference_unknown_serial,C20_discharge,C/20 discharge,16000,-0.625,0.625,3.93250576,298.15,,,source_embedded_reference_curve,S01
AE_NMC,AE_NMC_reference_unknown_serial,C20_discharge,C/20 discharge,17000,-0.625,0.625,3.9173572,298.15,,,source_embedded_reference_curve,S01
AE_NMC,AE_NMC_reference_unknown_serial,C20_discharge,C/20 discharge,18000,-0.625,0.625,3.90240027,298.15,,,source_embedded_reference_curve,S01
AE_NMC,AE_NMC_reference_unknown_serial,C20_discharge,C/20 discharge,19000,-0.625,0.625,3.8874434,298.15,,,source_embedded_reference_curve,S01
AE_NMC,AE_NMC_reference_unknown_serial,C20_discharge,C/20 discharge,20000,-0.625,0.625,3.87191127,298.15,,,source_embedded_reference_curve,S01
AE_NMC,AE_NMC_reference_unknown_serial,C20_discharge,C/20 discharge,21000,-0.625,0.625,3.85637914,298.15,,,source_embedded_reference_curve,S01
AE_NMC,AE_NMC_reference_unknown_serial,C20_discharge,C/20 discharge,22000,-0.625,0.625,3.8404635,298.15,,,source_embedded_reference_curve,S01
AE_NMC,AE_NMC_reference_unknown_serial,C20_discharge,C/20 discharge,23000,-0.625,0.625,3.82493136,298.15,,,source_embedded_reference_curve,S01
AE_NMC,AE_NMC_reference_unknown_serial,C20_discharge,C/20 discharge,24000,-0.625,0.625,3.80978274,298.15,,,source_embedded_reference_curve,S01
AE_NMC,AE_NMC_reference_unknown_serial,C20_discharge,C/20 discharge,25000,-0.625,0.625,3.79482587,298.15,,,source_embedded_reference_curve,S01
AE_NMC,AE_NMC_reference_unknown_serial,C20_discharge,C/20 discharge,26000,-0.625,0.625,3.78082778,298.15,,,source_embedded_reference_curve,S01
AE_NMC,AE_NMC_reference_unknown_serial,C20_discharge,C/20 discharge,27000,-0.625,0.625,3.76740495,298.15,,,source_embedded_reference_curve,S01
AE_NMC,AE_NMC_reference_unknown_serial,C20_discharge,C/20 discharge,28000,-0.625,0.625,3.75455738,298.15,,,source_embedded_reference_curve,S01
AE_NMC,AE_NMC_reference_unknown_serial,C20_discharge,C/20 discharge,29000,-0.625,0.625,3.74286035,298.15,,,source_embedded_reference_curve,S01
AE_NMC,AE_NMC_reference_unknown_serial,C20_discharge,C/20 discharge,30000,-0.625,0.625,3.73173857,298.15,,,source_embedded_reference_curve,S01
AE_NMC,AE_NMC_reference_unknown_serial,C20_discharge,C/20 discharge,31000,-0.625,0.625,3.72176733,298.15,,,source_embedded_reference_curve,S01
AE_NMC,AE_NMC_reference_unknown_serial,C20_discharge,C/20 discharge,32000,-0.625,0.625,3.71237135,298.15,,,source_embedded_reference_curve,S01
AE_NMC,AE_NMC_reference_unknown_serial,C20_discharge,C/20 discharge,33000,-0.625,0.625,3.70393414,298.15,,,source_embedded_reference_curve,S01
AE_NMC,AE_NMC_reference_unknown_serial,C20_discharge,C/20 discharge,34000,-0.625,0.625,3.69607219,298.15,,,source_embedded_reference_curve,S01
AE_NMC,AE_NMC_reference_unknown_serial,C20_discharge,C/20 discharge,35000,-0.625,0.625,3.68859376,298.15,,,source_embedded_reference_curve,S01
AE_NMC,AE_NMC_reference_unknown_serial,C20_discharge,C/20 discharge,36000,-0.625,0.625,3.68169059,298.15,,,source_embedded_reference_curve,S01
AE_NMC,AE_NMC_reference_unknown_serial,C20_discharge,C/20 discharge,37000,-0.625,0.625,3.67517093,298.15,,,source_embedded_reference_curve,S01
AE_NMC,AE_NMC_reference_unknown_serial,C20_discharge,C/20 discharge,38000,-0.625,0.625,3.66922653,298.15,,,source_embedded_reference_curve,S01
AE_NMC,AE_NMC_reference_unknown_serial,C20_discharge,C/20 discharge,39000,-0.625,0.625,3.66309038,298.15,,,source_embedded_reference_curve,S01
AE_NMC,AE_NMC_reference_unknown_serial,C20_discharge,C/20 discharge,40000,-0.625,0.625,3.65752958,298.15,,,source_embedded_reference_curve,S01
AE_NMC,AE_NMC_reference_unknown_serial,C20_discharge,C/20 discharge,41000,-0.625,0.625,3.65235212,298.15,,,source_embedded_reference_curve,S01
AE_NMC,AE_NMC_reference_unknown_serial,C20_discharge,C/20 discharge,42000,-0.625,0.625,3.64717474,298.15,,,source_embedded_reference_curve,S01
AE_NMC,AE_NMC_reference_unknown_serial,C20_discharge,C/20 discharge,43000,-0.625,0.625,3.64257263,298.15,,,source_embedded_reference_curve,S01
AE_NMC,AE_NMC_reference_unknown_serial,C20_discharge,C/20 discharge,44000,-0.625,0.625,3.637587,298.15,,,source_embedded_reference_curve,S01
AE_NMC,AE_NMC_reference_unknown_serial,C20_discharge,C/20 discharge,45000,-0.625,0.625,3.63298489,298.15,,,source_embedded_reference_curve,S01
AE_NMC,AE_NMC_reference_unknown_serial,C20_discharge,C/20 discharge,46000,-0.625,0.625,3.62819102,298.15,,,source_embedded_reference_curve,S01
AE_NMC,AE_NMC_reference_unknown_serial,C20_discharge,C/20 discharge,47000,-0.625,0.625,3.62339716,298.15,,,source_embedded_reference_curve,S01
AE_NMC,AE_NMC_reference_unknown_serial,C20_discharge,C/20 discharge,48000,-0.625,0.625,3.61879504,298.15,,,source_embedded_reference_curve,S01
AE_NMC,AE_NMC_reference_unknown_serial,C20_discharge,C/20 discharge,49000,-0.625,0.625,3.61380942,298.15,,,source_embedded_reference_curve,S01
AE_NMC,AE_NMC_reference_unknown_serial,C20_discharge,C/20 discharge,50000,-0.625,0.625,3.6088238,298.15,,,source_embedded_reference_curve,S01
AE_NMC,AE_NMC_reference_unknown_serial,C20_discharge,C/20 discharge,51000,-0.625,0.625,3.60345467,298.15,,,source_embedded_reference_curve,S01
AE_NMC,AE_NMC_reference_unknown_serial,C20_discharge,C/20 discharge,52000,-0.625,0.625,3.59770202,298.15,,,source_embedded_reference_curve,S01
AE_NMC,AE_NMC_reference_unknown_serial,C20_discharge,C/20 discharge,53000,-0.625,0.625,3.59175763,298.15,,,source_embedded_reference_curve,S01
AE_NMC,AE_NMC_reference_unknown_serial,C20_discharge,C/20 discharge,54000,-0.625,0.625,3.58542972,298.15,,,source_embedded_reference_curve,S01
AE_NMC,AE_NMC_reference_unknown_serial,C20_discharge,C/20 discharge,55000,-0.625,0.625,3.57891014,298.15,,,source_embedded_reference_curve,S01
AE_NMC,AE_NMC_reference_unknown_serial,C20_discharge,C/20 discharge,56000,-0.625,0.625,3.57200689,298.15,,,source_embedded_reference_curve,S01
AE_NMC,AE_NMC_reference_unknown_serial,C20_discharge,C/20 discharge,57000,-0.625,0.625,3.56472021,298.15,,,source_embedded_reference_curve,S01
AE_NMC,AE_NMC_reference_unknown_serial,C20_discharge,C/20 discharge,58000,-0.625,0.625,3.55685827,298.15,,,source_embedded_reference_curve,S01
AE_NMC,AE_NMC_reference_unknown_serial,C20_discharge,C/20 discharge,59000,-0.625,0.625,3.54822931,298.15,,,source_embedded_reference_curve,S01
AE_NMC,AE_NMC_reference_unknown_serial,C20_discharge,C/20 discharge,60000,-0.625,0.625,3.53864157,298.15,,,source_embedded_reference_curve,S01
AE_NMC,AE_NMC_reference_unknown_serial,C20_discharge,C/20 discharge,61000,-0.625,0.625,3.52828682,298.15,,,source_embedded_reference_curve,S01
AE_NMC,AE_NMC_reference_unknown_serial,C20_discharge,C/20 discharge,62000,-0.625,0.625,3.5173568,298.15,,,source_embedded_reference_curve,S01
AE_NMC,AE_NMC_reference_unknown_serial,C20_discharge,C/20 discharge,63000,-0.625,0.625,3.5071938,298.15,,,source_embedded_reference_curve,S01
AE_NMC,AE_NMC_reference_unknown_serial,C20_discharge,C/20 discharge,64000,-0.625,0.625,3.49894834,298.15,,,source_embedded_reference_curve,S01
AE_NMC,AE_NMC_reference_unknown_serial,C20_discharge,C/20 discharge,65000,-0.625,0.625,3.49204517,298.15,,,source_embedded_reference_curve,S01
AE_NMC,AE_NMC_reference_unknown_serial,C20_discharge,C/20 discharge,66000,-0.625,0.625,3.48590902,298.15,,,source_embedded_reference_curve,S01
AE_NMC,AE_NMC_reference_unknown_serial,C20_discharge,C/20 discharge,67000,-0.625,0.625,3.47938936,298.15,,,source_embedded_reference_curve,S01
AE_NMC,AE_NMC_reference_unknown_serial,C20_discharge,C/20 discharge,68000,-0.625,0.625,3.47152742,298.15,,,source_embedded_reference_curve,S01
AE_NMC,AE_NMC_reference_unknown_serial,C20_discharge,C/20 discharge,69000,-0.625,0.625,3.4605974,298.15,,,source_embedded_reference_curve,S01
AE_NMC,AE_NMC_reference_unknown_serial,C20_discharge,C/20 discharge,70000,-0.625,0.625,3.44218895,298.15,,,source_embedded_reference_curve,S01
AE_NMC,AE_NMC_reference_unknown_serial,C20_discharge,C/20 discharge,71000,-0.625,0.625,3.39981122,298.15,,,source_embedded_reference_curve,S01
AE_NMC,AE_NMC_reference_unknown_serial,C20_discharge,C/20 discharge,72000,-0.625,0.625,3.33749094,298.15,,,source_embedded_reference_curve,S01
AE_NMC,AE_NMC_reference_unknown_serial,C20_discharge,C/20 discharge,73000,-0.625,0.625,3.25407757,298.15,,,source_embedded_reference_curve,S01
AE_NMC,AE_NMC_reference_unknown_serial,C20_discharge,C/20 discharge,74000,-0.625,0.625,3.13308034,298.15,,,source_embedded_reference_curve,S01
AE_NMC,AE_NMC_reference_unknown_serial,C20_discharge,C/20 discharge,75000,-0.625,0.625,2.89472934,298.15,,,source_embedded_reference_curve,S01
AE_NMC,AE_NMC_reference_unknown_serial,1C_discharge,1C discharge,0,-12.5,12.5,4.1936757,298.15,,,source_embedded_reference_curve,S01
AE_NMC,AE_NMC_reference_unknown_serial,1C_discharge,1C discharge,100,-12.5,12.5,4.0487091,298.15,,,source_embedded_reference_curve,S01
AE_NMC,AE_NMC_reference_unknown_serial,1C_discharge,1C discharge,200,-12.5,12.5,4.0107418,298.15,,,source_embedded_reference_curve,S01
AE_NMC,AE_NMC_reference_unknown_serial,1C_discharge,1C discharge,300,-12.5,12.5,3.9762259,298.15,,,source_embedded_reference_curve,S01
AE_NMC,AE_NMC_reference_unknown_serial,1C_discharge,1C discharge,400,-12.5,12.5,3.9426688,298.15,,,source_embedded_reference_curve,S01
AE_NMC,AE_NMC_reference_unknown_serial,1C_discharge,1C discharge,500,-12.5,12.5,3.9094952,298.15,,,source_embedded_reference_curve,S01
AE_NMC,AE_NMC_reference_unknown_serial,1C_discharge,1C discharge,600,-12.5,12.5,3.8763218,298.15,,,source_embedded_reference_curve,S01
AE_NMC,AE_NMC_reference_unknown_serial,1C_discharge,1C discharge,700,-12.5,12.5,3.8433398,298.15,,,source_embedded_reference_curve,S01
AE_NMC,AE_NMC_reference_unknown_serial,1C_discharge,1C discharge,800,-12.5,12.5,3.8113168,298.15,,,source_embedded_reference_curve,S01
AE_NMC,AE_NMC_reference_unknown_serial,1C_discharge,1C discharge,900,-12.5,12.5,3.7802525,298.15,,,source_embedded_reference_curve,S01
AE_NMC,AE_NMC_reference_unknown_serial,1C_discharge,1C discharge,1000,-12.5,12.5,3.7505305,298.15,,,source_embedded_reference_curve,S01
AE_NMC,AE_NMC_reference_unknown_serial,1C_discharge,1C discharge,1100,-12.5,12.5,3.7221509,298.15,,,source_embedded_reference_curve,S01
AE_NMC,AE_NMC_reference_unknown_serial,1C_discharge,1C discharge,1200,-12.5,12.5,3.695497,298.15,,,source_embedded_reference_curve,S01
AE_NMC,AE_NMC_reference_unknown_serial,1C_discharge,1C discharge,1300,-12.5,12.5,3.6703771,298.15,,,source_embedded_reference_curve,S01
AE_NMC,AE_NMC_reference_unknown_serial,1C_discharge,1C discharge,1400,-12.5,12.5,3.6467912,298.15,,,source_embedded_reference_curve,S01
AE_NMC,AE_NMC_reference_unknown_serial,1C_discharge,1C discharge,1500,-12.5,12.5,3.6247394,298.15,,,source_embedded_reference_curve,S01
AE_NMC,AE_NMC_reference_unknown_serial,1C_discharge,1C discharge,1600,-12.5,12.5,3.6042217,298.15,,,source_embedded_reference_curve,S01
AE_NMC,AE_NMC_reference_unknown_serial,1C_discharge,1C discharge,1700,-12.5,12.5,3.5858132,298.15,,,source_embedded_reference_curve,S01
AE_NMC,AE_NMC_reference_unknown_serial,1C_discharge,1C discharge,1800,-12.5,12.5,3.5685555,298.15,,,source_embedded_reference_curve,S01
AE_NMC,AE_NMC_reference_unknown_serial,1C_discharge,1C discharge,1900,-12.5,12.5,3.5532149,298.15,,,source_embedded_reference_curve,S01
AE_NMC,AE_NMC_reference_unknown_serial,1C_discharge,1C discharge,2000,-12.5,12.5,3.5382581,298.15,,,source_embedded_reference_curve,S01
AE_NMC,AE_NMC_reference_unknown_serial,1C_discharge,1C discharge,2100,-12.5,12.5,3.5238765,298.15,,,source_embedded_reference_curve,S01
AE_NMC,AE_NMC_reference_unknown_serial,1C_discharge,1C discharge,2200,-12.5,12.5,3.5102619,298.15,,,source_embedded_reference_curve,S01
AE_NMC,AE_NMC_reference_unknown_serial,1C_discharge,1C discharge,2300,-12.5,12.5,3.4974143,298.15,,,source_embedded_reference_curve,S01
AE_NMC,AE_NMC_reference_unknown_serial,1C_discharge,1C discharge,2400,-12.5,12.5,3.4849502,298.15,,,source_embedded_reference_curve,S01
AE_NMC,AE_NMC_reference_unknown_serial,1C_discharge,1C discharge,2500,-12.5,12.5,3.4728697,298.15,,,source_embedded_reference_curve,S01
AE_NMC,AE_NMC_reference_unknown_serial,1C_discharge,1C discharge,2600,-12.5,12.5,3.4609809,298.15,,,source_embedded_reference_curve,S01
AE_NMC,AE_NMC_reference_unknown_serial,1C_discharge,1C discharge,2700,-12.5,12.5,3.4485169,298.15,,,source_embedded_reference_curve,S01
AE_NMC,AE_NMC_reference_unknown_serial,1C_discharge,1C discharge,2800,-12.5,12.5,3.4352858,298.15,,,source_embedded_reference_curve,S01
AE_NMC,AE_NMC_reference_unknown_serial,1C_discharge,1C discharge,2900,-12.5,12.5,3.4216712,298.15,,,source_embedded_reference_curve,S01
AE_NMC,AE_NMC_reference_unknown_serial,1C_discharge,1C discharge,3000,-12.5,12.5,3.4070979,298.15,,,source_embedded_reference_curve,S01
AE_NMC,AE_NMC_reference_unknown_serial,1C_discharge,1C discharge,3100,-12.5,12.5,3.3907987,298.15,,,source_embedded_reference_curve,S01
AE_NMC,AE_NMC_reference_unknown_serial,1C_discharge,1C discharge,3200,-12.5,12.5,3.3720067,298.15,,,source_embedded_reference_curve,S01
AE_NMC,AE_NMC_reference_unknown_serial,1C_discharge,1C discharge,3300,-12.5,12.5,3.3474621,298.15,,,source_embedded_reference_curve,S01
AE_NMC,AE_NMC_reference_unknown_serial,1C_discharge,1C discharge,3400,-12.5,12.5,3.3121793,298.15,,,source_embedded_reference_curve,S01
AE_NMC,AE_NMC_reference_unknown_serial,1C_discharge,1C discharge,3500,-12.5,12.5,3.2569541,298.15,,,source_embedded_reference_curve,S01
AE_NMC,AE_NMC_reference_unknown_serial,1C_discharge,1C discharge,3600,-12.5,12.5,3.1589672,298.15,,,source_embedded_reference_curve,S01
AE_NMC,AE_NMC_reference_unknown_serial,1C_discharge,1C discharge,3700,-12.5,12.5,2.9047014,298.15,,,source_embedded_reference_curve,S01
