dataset_id,electrode,stoichiometry,ocp_V_vs_Li,data_kind,source_id
AE_LFP,Negative electrode,0.0016261,1.392450452944157,tabulated_published_fit_not_measurement,S01
AE_LFP,Negative electrode,0.009835639,0.5593961649389101,tabulated_published_fit_not_measurement,S01
AE_LFP,Negative electrode,0.018045178,0.4497593727153628,tabulated_published_fit_not_measurement,S01
AE_LFP,Negative electrode,0.026254716999999997,0.36349783128123647,tabulated_published_fit_not_measurement,S01
AE_LFP,Negative electrode,0.034464256,0.30265980776653834,tabulated_published_fit_not_measurement,S01
AE_LFP,Negative electrode,0.042673794999999994,0.26267857365716196,tabulated_published_fit_not_measurement,S01
AE_LFP,Negative electrode,0.050883333999999995,0.23882792364783967,tabulated_published_fit_not_measurement,S01
AE_LFP,Negative electrode,0.059092873,0.22569289451698182,tabulated_published_fit_not_measurement,S01
AE_LFP,Negative electrode,0.067302412,0.2186320854863979,tabulated_published_fit_not_measurement,S01
AE_LFP,Negative electrode,0.07551195100000001,0.214565250941682,tabulated_published_fit_not_measurement,S01
AE_LFP,Negative electrode,0.08372149,0.21174781872743154,tabulated_published_fit_not_measurement,S01
AE_LFP,Negative electrode,0.09193102900000001,0.20927711644200286,tabulated_published_fit_not_measurement,S01
AE_LFP,Negative electrode,0.100140568,0.20670388043858168,tabulated_published_fit_not_measurement,S01
AE_LFP,Negative electrode,0.10835010700000001,0.2038041649299558,tabulated_published_fit_not_measurement,S01
AE_LFP,Negative electrode,0.116559646,0.20046595920121746,tabulated_published_fit_not_measurement,S01
AE_LFP,Negative electrode,0.12476918500000002,0.1966406089788535,tabulated_published_fit_not_measurement,S01
AE_LFP,Negative electrode,0.132978724,0.19232608998765954,tabulated_published_fit_not_measurement,S01
AE_LFP,Negative electrode,0.14118826299999998,0.1875633112502797,tabulated_published_fit_not_measurement,S01
AE_LFP,Negative electrode,0.149397802,0.18243492625204993,tabulated_published_fit_not_measurement,S01
AE_LFP,Negative electrode,0.15760734099999998,0.1770608317422031,tabulated_published_fit_not_measurement,S01
AE_LFP,Negative electrode,0.16581687999999997,0.17158787108404994,tabulated_published_fit_not_measurement,S01
AE_LFP,Negative electrode,0.17402641900000002,0.166174228309103,tabulated_published_fit_not_measurement,S01
AE_LFP,Negative electrode,0.182235958,0.1609714157048927,tabulated_published_fit_not_measurement,S01
AE_LFP,Negative electrode,0.190445497,0.15610790200183544,tabulated_published_fit_not_measurement,S01
AE_LFP,Negative electrode,0.19865503599999998,0.1516778912451926,tabulated_published_fit_not_measurement,S01
AE_LFP,Negative electrode,0.20686457499999997,0.14773693632568552,tabulated_published_fit_not_measurement,S01
AE_LFP,Negative electrode,0.215074114,0.14430394218631193,tabulated_published_fit_not_measurement,S01
AE_LFP,Negative electrode,0.223283653,0.1413676177525076,tabulated_published_fit_not_measurement,S01
AE_LFP,Negative electrode,0.231493192,0.1388949619031763,tabulated_published_fit_not_measurement,S01
AE_LFP,Negative electrode,0.23970273099999997,0.13683973567864882,tabulated_published_fit_not_measurement,S01
AE_LFP,Negative electrode,0.24791227000000002,0.13514963351587284,tabulated_published_fit_not_measurement,S01
AE_LFP,Negative electrode,0.25612180900000003,0.1337716218984042,tabulated_published_fit_not_measurement,S01
AE_LFP,Negative electrode,0.264331348,0.13265545510768106,tabulated_published_fit_not_measurement,S01
AE_LFP,Negative electrode,0.272540887,0.13175566774552294,tabulated_published_fit_not_measurement,S01
AE_LFP,Negative electrode,0.280750426,0.1310324384625119,tabulated_published_fit_not_measurement,S01
AE_LFP,Negative electrode,0.28895996500000004,0.13045169785333854,tabulated_published_fit_not_measurement,S01
AE_LFP,Negative electrode,0.29716950400000003,0.12998478082494813,tabulated_published_fit_not_measurement,S01
AE_LFP,Negative electrode,0.305379043,0.12960784072395626,tabulated_published_fit_not_measurement,S01
AE_LFP,Negative electrode,0.313588582,0.12930116938187552,tabulated_published_fit_not_measurement,S01
AE_LFP,Negative electrode,0.321798121,0.12904851086483404,tabulated_published_fit_not_measurement,S01
AE_LFP,Negative electrode,0.33000766,0.1288364169605387,tabulated_published_fit_not_measurement,S01
AE_LFP,Negative electrode,0.33821719899999997,0.12865366632200903,tabulated_published_fit_not_measurement,S01
AE_LFP,Negative electrode,0.34642673800000007,0.12849075315808278,tabulated_published_fit_not_measurement,S01
AE_LFP,Negative electrode,0.35463627700000006,0.1283394422868298,tabulated_published_fit_not_measurement,S01
AE_LFP,Negative electrode,0.36284581600000004,0.12819238285047874,tabulated_published_fit_not_measurement,S01
AE_LFP,Negative electrode,0.37105535500000003,0.12804277135752073,tabulated_published_fit_not_measurement,S01
AE_LFP,Negative electrode,0.379264894,0.12788405488219468,tabulated_published_fit_not_measurement,S01
AE_LFP,Negative electrode,0.387474433,0.12770966658069227,tabulated_published_fit_not_measurement,S01
AE_LFP,Negative electrode,0.395683972,0.12751278785876252,tabulated_published_fit_not_measurement,S01
AE_LFP,Negative electrode,0.403893511,0.12728613445801784,tabulated_published_fit_not_measurement,S01
AE_LFP,Negative electrode,0.41210304999999997,0.12702176747539795,tabulated_published_fit_not_measurement,S01
AE_LFP,Negative electrode,0.42031258900000007,0.126710935025109,tabulated_published_fit_not_measurement,S01
AE_LFP,Negative electrode,0.42852212800000006,0.12634395602564297,tabulated_published_fit_not_measurement,S01
AE_LFP,Negative electrode,0.43673166700000005,0.1259101644511702,tabulated_published_fit_not_measurement,S01
AE_LFP,Negative electrode,0.44494120600000003,0.12539794003519944,tabulated_published_fit_not_measurement,S01
AE_LFP,Negative electrode,0.453150745,0.12479485902875354,tabulated_published_fit_not_measurement,S01
AE_LFP,Negative electrode,0.461360284,0.12408800453204805,tabulated_published_fit_not_measurement,S01
AE_LFP,Negative electrode,0.469569823,0.12326447737784463,tabulated_published_fit_not_measurement,S01
AE_LFP,Negative electrode,0.477779362,0.12231214160456005,tabulated_published_fit_not_measurement,S01
AE_LFP,Negative electrode,0.485988901,0.12122061852521426,tabulated_published_fit_not_measurement,S01
AE_LFP,Negative electrode,0.49419844000000007,0.11998250612911932,tabulated_published_fit_not_measurement,S01
AE_LFP,Negative electrode,0.502407979,0.11859474488819188,tabulated_published_fit_not_measurement,S01
AE_LFP,Negative electrode,0.510617518,0.1170599821563556,tabulated_published_fit_not_measurement,S01
AE_LFP,Negative electrode,0.518827057,0.11538771973938111,tabulated_published_fit_not_measurement,S01
AE_LFP,Negative electrode,0.527036596,0.11359498686991287,tabulated_published_fit_not_measurement,S01
AE_LFP,Negative electrode,0.535246135,0.11170629183956038,tabulated_published_fit_not_measurement,S01
AE_LFP,Negative electrode,0.5434556739999999,0.10975269018162948,tabulated_published_fit_not_measurement,S01
AE_LFP,Negative electrode,0.5516652129999999,0.10776996325430588,tabulated_published_fit_not_measurement,S01
AE_LFP,Negative electrode,0.5598747519999999,0.10579609455674444,tabulated_published_fit_not_measurement,S01
AE_LFP,Negative electrode,0.568084291,0.10386840307265999,tabulated_published_fit_not_measurement,S01
AE_LFP,Negative electrode,0.57629383,0.10202078212954291,tabulated_published_fit_not_measurement,S01
AE_LFP,Negative electrode,0.584503369,0.10028146457024434,tabulated_published_fit_not_measurement,S01
AE_LFP,Negative electrode,0.592712908,0.09867160120603558,tabulated_published_fit_not_measurement,S01
AE_LFP,Negative electrode,0.600922447,0.09720474950019309,tabulated_published_fit_not_measurement,S01
AE_LFP,Negative electrode,0.609131986,0.09588718710210031,tabulated_published_fit_not_measurement,S01
AE_LFP,Negative electrode,0.617341525,0.09471883957046856,tabulated_published_fit_not_measurement,S01
AE_LFP,Negative electrode,0.6255510639999999,0.09369456236398577,tabulated_published_fit_not_measurement,S01
AE_LFP,Negative electrode,0.6337606029999999,0.09280553414230752,tabulated_published_fit_not_measurement,S01
AE_LFP,Negative electrode,0.6419701419999999,0.09204057592769743,tabulated_published_fit_not_measurement,S01
AE_LFP,Negative electrode,0.650179681,0.09138728141868313,tabulated_published_fit_not_measurement,S01
AE_LFP,Negative electrode,0.6583892199999999,0.0908329078344039,tabulated_published_fit_not_measurement,S01
AE_LFP,Negative electrode,0.666598759,0.09036502417078651,tabulated_published_fit_not_measurement,S01
AE_LFP,Negative electrode,0.6748082979999999,0.0899719428532677,tabulated_published_fit_not_measurement,S01
AE_LFP,Negative electrode,0.683017837,0.08964297439568014,tabulated_published_fit_not_measurement,S01
AE_LFP,Negative electrode,0.6912273760000001,0.08936854746072243,tabulated_published_fit_not_measurement,S01
AE_LFP,Negative electrode,0.6994369149999999,0.08914023312203767,tabulated_published_fit_not_measurement,S01
AE_LFP,Negative electrode,0.707646454,0.0889507055761527,tabulated_published_fit_not_measurement,S01
AE_LFP,Negative electrode,0.7158559929999999,0.08879366428629965,tabulated_published_fit_not_measurement,S01
AE_LFP,Negative electrode,0.724065532,0.08866373581239628,tabulated_published_fit_not_measurement,S01
AE_LFP,Negative electrode,0.7322750709999999,0.088556367947632,tabulated_published_fit_not_measurement,S01
AE_LFP,Negative electrode,0.74048461,0.08846772437072303,tabulated_published_fit_not_measurement,S01
AE_LFP,Negative electrode,0.7486941489999999,0.08839458473640605,tabulated_published_fit_not_measurement,S01
AE_LFP,Negative electrode,0.756903688,0.08833425276833395,tabulated_published_fit_not_measurement,S01
AE_LFP,Negative electrode,0.7651132270000001,0.08828447327071842,tabulated_published_fit_not_measurement,S01
AE_LFP,Negative electrode,0.7733227659999999,0.0882433578321411,tabulated_published_fit_not_measurement,S01
AE_LFP,Negative electrode,0.781532305,0.08820931817503208,tabulated_published_fit_not_measurement,S01
AE_LFP,Negative electrode,0.7897418439999999,0.08818100545164498,tabulated_published_fit_not_measurement,S01
AE_LFP,Negative electrode,0.797951383,0.08815725315696454,tabulated_published_fit_not_measurement,S01
AE_LFP,Negative electrode,0.8061609219999999,0.08813702057823036,tabulated_published_fit_not_measurement,S01
AE_LFP,Negative electrode,0.814370461,0.08811933266508021,tabulated_published_fit_not_measurement,S01
AE_LFP,Negative electrode,0.8225799999999999,0.08810321067760185,tabulated_published_fit_not_measurement,S01
AE_LFP,Positive electrode,0.0875,3.7366643607113446,tabulated_published_fit_not_measurement,S01
AE_LFP,Positive electrode,0.09612879999999999,3.4221100715192305,tabulated_published_fit_not_measurement,S01
AE_LFP,Positive electrode,0.10475759999999999,3.4116403070397836,tabulated_published_fit_not_measurement,S01
AE_LFP,Positive electrode,0.1133864,3.4111710421966706,tabulated_published_fit_not_measurement,S01
AE_LFP,Positive electrode,0.12201519999999999,3.4110306661487724,tabulated_published_fit_not_measurement,S01
AE_LFP,Positive electrode,0.13064399999999998,3.4109011063444177,tabulated_published_fit_not_measurement,S01
AE_LFP,Positive electrode,0.13927279999999997,3.4107719022564207,tabulated_published_fit_not_measurement,S01
AE_LFP,Positive electrode,0.1479016,3.4106427098669516,tabulated_published_fit_not_measurement,S01
AE_LFP,Positive electrode,0.1565304,3.410513517862215,tabulated_published_fit_not_measurement,S01
AE_LFP,Positive electrode,0.1651592,3.410384325870131,tabulated_published_fit_not_measurement,S01
AE_LFP,Positive electrode,0.173788,3.410255133878463,tabulated_published_fit_not_measurement,S01
AE_LFP,Positive electrode,0.1824168,3.4101259418868084,tabulated_published_fit_not_measurement,S01
AE_LFP,Positive electrode,0.19104559999999998,3.409996749895155,tabulated_published_fit_not_measurement,S01
AE_LFP,Positive electrode,0.19967439999999997,3.409867557903501,tabulated_published_fit_not_measurement,S01
AE_LFP,Positive electrode,0.2083032,3.4097383659118474,tabulated_published_fit_not_measurement,S01
AE_LFP,Positive electrode,0.21693199999999999,3.4096091739201935,tabulated_published_fit_not_measurement,S01
AE_LFP,Positive electrode,0.22556079999999998,3.40947998192854,tabulated_published_fit_not_measurement,S01
AE_LFP,Positive electrode,0.2341896,3.409350789936886,tabulated_published_fit_not_measurement,S01
AE_LFP,Positive electrode,0.2428184,3.4092215979452325,tabulated_published_fit_not_measurement,S01
AE_LFP,Positive electrode,0.2514472,3.4090924059535785,tabulated_published_fit_not_measurement,S01
AE_LFP,Positive electrode,0.260076,3.4089632139619246,tabulated_published_fit_not_measurement,S01
AE_LFP,Positive electrode,0.26870479999999997,3.408834021970271,tabulated_published_fit_not_measurement,S01
AE_LFP,Positive electrode,0.2773336,3.408704829978617,tabulated_published_fit_not_measurement,S01
AE_LFP,Positive electrode,0.28596239999999995,3.4085756379869636,tabulated_published_fit_not_measurement,S01
AE_LFP,Positive electrode,0.29459119999999994,3.4084464459953097,tabulated_published_fit_not_measurement,S01
AE_LFP,Positive electrode,0.30322,3.408317254003656,tabulated_published_fit_not_measurement,S01
AE_LFP,Positive electrode,0.3118488,3.408188062012002,tabulated_published_fit_not_measurement,S01
AE_LFP,Positive electrode,0.32047760000000003,3.4080588700203482,tabulated_published_fit_not_measurement,S01
AE_LFP,Positive electrode,0.3291064,3.4079296780286947,tabulated_published_fit_not_measurement,S01
AE_LFP,Positive electrode,0.3377352,3.4078004860370408,tabulated_published_fit_not_measurement,S01
AE_LFP,Positive electrode,0.346364,3.4076712940453873,tabulated_published_fit_not_measurement,S01
AE_LFP,Positive electrode,0.3549928,3.4075421020537333,tabulated_published_fit_not_measurement,S01
AE_LFP,Positive electrode,0.3636216,3.40741291006208,tabulated_published_fit_not_measurement,S01
AE_LFP,Positive electrode,0.3722504,3.407283718070426,tabulated_published_fit_not_measurement,S01
AE_LFP,Positive electrode,0.3808792,3.4071545260787723,tabulated_published_fit_not_measurement,S01
AE_LFP,Positive electrode,0.38950799999999997,3.4070253340871184,tabulated_published_fit_not_measurement,S01
AE_LFP,Positive electrode,0.39813679999999996,3.4068961420954644,tabulated_published_fit_not_measurement,S01
AE_LFP,Positive electrode,0.40676559999999995,3.406766950103811,tabulated_published_fit_not_measurement,S01
AE_LFP,Positive electrode,0.41539439999999994,3.406637758112157,tabulated_published_fit_not_measurement,S01
AE_LFP,Positive electrode,0.42402319999999993,3.4065085661205035,tabulated_published_fit_not_measurement,S01
AE_LFP,Positive electrode,0.43265200000000004,3.4063793741288495,tabulated_published_fit_not_measurement,S01
AE_LFP,Positive electrode,0.4412807999999999,3.406250182137196,tabulated_published_fit_not_measurement,S01
AE_LFP,Positive electrode,0.4499096,3.406120990145542,tabulated_published_fit_not_measurement,S01
AE_LFP,Positive electrode,0.4585384,3.405991798153888,tabulated_published_fit_not_measurement,S01
AE_LFP,Positive electrode,0.4671672,3.4058626061622346,tabulated_published_fit_not_measurement,S01
AE_LFP,Positive electrode,0.475796,3.4057334141705806,tabulated_published_fit_not_measurement,S01
AE_LFP,Positive electrode,0.4844248,3.405604222178927,tabulated_published_fit_not_measurement,S01
AE_LFP,Positive electrode,0.4930536,3.405475030187273,tabulated_published_fit_not_measurement,S01
AE_LFP,Positive electrode,0.5016824,3.4053458381956196,tabulated_published_fit_not_measurement,S01
AE_LFP,Positive electrode,0.5103112,3.4052166462039657,tabulated_published_fit_not_measurement,S01
AE_LFP,Positive electrode,0.51894,3.405087454212312,tabulated_published_fit_not_measurement,S01
AE_LFP,Positive electrode,0.5275688000000001,3.4049582622206582,tabulated_published_fit_not_measurement,S01
AE_LFP,Positive electrode,0.5361975999999999,3.4048290702290043,tabulated_published_fit_not_measurement,S01
AE_LFP,Positive electrode,0.5448263999999999,3.4046998782373508,tabulated_published_fit_not_measurement,S01
AE_LFP,Positive electrode,0.5534552,3.404570686245697,tabulated_published_fit_not_measurement,S01
AE_LFP,Positive electrode,0.5620839999999999,3.4044414942540433,tabulated_published_fit_not_measurement,S01
AE_LFP,Positive electrode,0.5707128,3.4043123022623893,tabulated_published_fit_not_measurement,S01
AE_LFP,Positive electrode,0.5793416,3.404183110270736,tabulated_published_fit_not_measurement,S01
AE_LFP,Positive electrode,0.5879704,3.404053918279082,tabulated_published_fit_not_measurement,S01
AE_LFP,Positive electrode,0.5965992,3.403924726287428,tabulated_published_fit_not_measurement,S01
AE_LFP,Positive electrode,0.605228,3.4037955342957744,tabulated_published_fit_not_measurement,S01
AE_LFP,Positive electrode,0.6138568,3.4036663423041205,tabulated_published_fit_not_measurement,S01
AE_LFP,Positive electrode,0.6224856,3.403537150312467,tabulated_published_fit_not_measurement,S01
AE_LFP,Positive electrode,0.6311144000000001,3.403407958320813,tabulated_published_fit_not_measurement,S01
AE_LFP,Positive electrode,0.6397432,3.4032787663291595,tabulated_published_fit_not_measurement,S01
AE_LFP,Positive electrode,0.648372,3.4031495743375055,tabulated_published_fit_not_measurement,S01
AE_LFP,Positive electrode,0.6570008,3.403020382345852,tabulated_published_fit_not_measurement,S01
AE_LFP,Positive electrode,0.6656296,3.402891190354198,tabulated_published_fit_not_measurement,S01
AE_LFP,Positive electrode,0.6742584,3.4027619983625437,tabulated_published_fit_not_measurement,S01
AE_LFP,Positive electrode,0.6828872,3.4026328063708897,tabulated_published_fit_not_measurement,S01
AE_LFP,Positive electrode,0.691516,3.402503614379234,tabulated_published_fit_not_measurement,S01
AE_LFP,Positive electrode,0.7001448,3.4023744223875765,tabulated_published_fit_not_measurement,S01
AE_LFP,Positive electrode,0.7087736,3.402245230395912,tabulated_published_fit_not_measurement,S01
AE_LFP,Positive electrode,0.7174024,3.402116038404231,tabulated_published_fit_not_measurement,S01
AE_LFP,Positive electrode,0.7260312,3.401986846412506,tabulated_published_fit_not_measurement,S01
AE_LFP,Positive electrode,0.73466,3.4018576544206685,tabulated_published_fit_not_measurement,S01
AE_LFP,Positive electrode,0.7432888,3.4017284624285407,tabulated_published_fit_not_measurement,S01
AE_LFP,Positive electrode,0.7519176000000001,3.4015992704356597,tabulated_published_fit_not_measurement,S01
AE_LFP,Positive electrode,0.7605464,3.401470078440833,tabulated_published_fit_not_measurement,S01
AE_LFP,Positive electrode,0.7691752,3.401340886440974,tabulated_published_fit_not_measurement,S01
AE_LFP,Positive electrode,0.777804,3.401211694428103,tabulated_published_fit_not_measurement,S01
AE_LFP,Positive electrode,0.7864328,3.4010825023815796,tabulated_published_fit_not_measurement,S01
AE_LFP,Positive electrode,0.7950615999999999,3.4009533102480347,tabulated_published_fit_not_measurement,S01
AE_LFP,Positive electrode,0.8036904,3.400824117889453,tabulated_published_fit_not_measurement,S01
AE_LFP,Positive electrode,0.8123192,3.4006949249489296,tabulated_published_fit_not_measurement,S01
AE_LFP,Positive electrode,0.8209479999999999,3.4005657305035166,tabulated_published_fit_not_measurement,S01
AE_LFP,Positive electrode,0.8295768,3.400436532166486,tabulated_published_fit_not_measurement,S01
AE_LFP,Positive electrode,0.8382056,3.4003073237658032,tabulated_published_fit_not_measurement,S01
AE_LFP,Positive electrode,0.8468344000000001,3.4001780893406965,tabulated_published_fit_not_measurement,S01
AE_LFP,Positive electrode,0.8554632,3.4000487876169023,tabulated_published_fit_not_measurement,S01
AE_LFP,Positive electrode,0.864092,3.3999193118599202,tabulated_published_fit_not_measurement,S01
AE_LFP,Positive electrode,0.8727208000000001,3.3997893860562662,tabulated_published_fit_not_measurement,S01
AE_LFP,Positive electrode,0.8813496,3.3996582964400694,tabulated_published_fit_not_measurement,S01
AE_LFP,Positive electrode,0.8899784,3.399524197225711,tabulated_published_fit_not_measurement,S01
AE_LFP,Positive electrode,0.8986072,3.39938231524501,tabulated_published_fit_not_measurement,S01
AE_LFP,Positive electrode,0.907236,3.3992203071714857,tabulated_published_fit_not_measurement,S01
AE_LFP,Positive electrode,0.9158647999999999,3.3990062533863914,tabulated_published_fit_not_measurement,S01
AE_LFP,Positive electrode,0.9244936,3.3986576103336836,tabulated_published_fit_not_measurement,S01
AE_LFP,Positive electrode,0.9331224,3.3979609218722446,tabulated_published_fit_not_measurement,S01
AE_LFP,Positive electrode,0.9417511999999999,3.396364194286673,tabulated_published_fit_not_measurement,S01
AE_LFP,Positive electrode,0.95038,3.392439981825146,tabulated_published_fit_not_measurement,S01
AE_NMC,Negative electrode,0.005504,0.9133001451482414,tabulated_published_fit_not_measurement,S01
AE_NMC,Negative electrode,0.013015760000000001,0.6163533120343345,tabulated_published_fit_not_measurement,S01
AE_NMC,Negative electrode,0.02052752,0.4979878080339404,tabulated_published_fit_not_measurement,S01
AE_NMC,Negative electrode,0.02803928,0.423871066996071,tabulated_published_fit_not_measurement,S01
AE_NMC,Negative electrode,0.035551040000000006,0.3604560887324624,tabulated_published_fit_not_measurement,S01
AE_NMC,Negative electrode,0.043062800000000005,0.30725581026490545,tabulated_published_fit_not_measurement,S01
AE_NMC,Negative electrode,0.050574560000000005,0.26868387305148644,tabulated_published_fit_not_measurement,S01
AE_NMC,Negative electrode,0.058086320000000004,0.24425689893541858,tabulated_published_fit_not_measurement,S01
AE_NMC,Negative electrode,0.06559808,0.23006276605156017,tabulated_published_fit_not_measurement,S01
AE_NMC,Negative electrode,0.07310984,0.22208230826072395,tabulated_published_fit_not_measurement,S01
AE_NMC,Negative electrode,0.0806216,0.21748837094492046,tabulated_published_fit_not_measurement,S01
AE_NMC,Negative electrode,0.08813336,0.21458354609058006,tabulated_published_fit_not_measurement,S01
AE_NMC,Negative electrode,0.09564512,0.2124108535135747,tabulated_published_fit_not_measurement,S01
AE_NMC,Negative electrode,0.10315688,0.21043242615269264,tabulated_published_fit_not_measurement,S01
AE_NMC,Negative electrode,0.11066864,0.20833146850782214,tabulated_published_fit_not_measurement,S01
AE_NMC,Negative electrode,0.11818039999999999,0.20590523741702782,tabulated_published_fit_not_measurement,S01
AE_NMC,Negative electrode,0.12569216000000002,0.20301401825417997,tabulated_published_fit_not_measurement,S01
AE_NMC,Negative electrode,0.13320392000000003,0.1995632189355092,tabulated_published_fit_not_measurement,S01
AE_NMC,Negative electrode,0.14071568,0.19550482266640756,tabulated_published_fit_not_measurement,S01
AE_NMC,Negative electrode,0.14822744000000002,0.19084839044080582,tabulated_published_fit_not_measurement,S01
AE_NMC,Negative electrode,0.15573920000000002,0.18567227404128062,tabulated_published_fit_not_measurement,S01
AE_NMC,Negative electrode,0.16325096000000003,0.18012562426156364,tabulated_published_fit_not_measurement,S01
AE_NMC,Negative electrode,0.17076272,0.17441433505155146,tabulated_published_fit_not_measurement,S01
AE_NMC,Negative electrode,0.17827448,0.1687706638040254,tabulated_published_fit_not_measurement,S01
AE_NMC,Negative electrode,0.18578624000000002,0.16341451768676052,tabulated_published_fit_not_measurement,S01
AE_NMC,Negative electrode,0.19329800000000003,0.15851911371282768,tabulated_published_fit_not_measurement,S01
AE_NMC,Negative electrode,0.20080976000000003,0.15419147232023533,tabulated_published_fit_not_measurement,S01
AE_NMC,Negative electrode,0.20832152,0.15047080853400985,tabulated_published_fit_not_measurement,S01
AE_NMC,Negative electrode,0.21583328000000002,0.14734061079798266,tabulated_published_fit_not_measurement,S01
AE_NMC,Negative electrode,0.22334504000000005,0.14474695163517026,tabulated_published_fit_not_measurement,S01
AE_NMC,Negative electrode,0.2308568,0.1426164945733035,tabulated_published_fit_not_measurement,S01
AE_NMC,Negative electrode,0.23836856,0.1408705359644955,tabulated_published_fit_not_measurement,S01
AE_NMC,Negative electrode,0.24588032000000004,0.13943412053049542,tabulated_published_fit_not_measurement,S01
AE_NMC,Negative electrode,0.25339208,0.13824088236287935,tabulated_published_fit_not_measurement,S01
AE_NMC,Negative electrode,0.26090384000000005,0.13723484046204248,tabulated_published_fit_not_measurement,S01
AE_NMC,Negative electrode,0.26841560000000003,0.13637033440318191,tabulated_published_fit_not_measurement,S01
AE_NMC,Negative electrode,0.27592736,0.13561099830985768,tabulated_published_fit_not_measurement,S01
AE_NMC,Negative electrode,0.28343912000000004,0.13492835825309157,tabulated_published_fit_not_measurement,S01
AE_NMC,Negative electrode,0.29095088,0.134300389647251,tabulated_published_fit_not_measurement,S01
AE_NMC,Negative electrode,0.29846264,0.13371020280465018,tabulated_published_fit_not_measurement,S01
AE_NMC,Negative electrode,0.30597440000000004,0.13314492270728806,tabulated_published_fit_not_measurement,S01
AE_NMC,Negative electrode,0.31348616000000007,0.13259477287647314,tabulated_published_fit_not_measurement,S01
AE_NMC,Negative electrode,0.32099792000000005,0.13205234670022037,tabulated_published_fit_not_measurement,S01
AE_NMC,Negative electrode,0.3285096800000001,0.1315120384679176,tabulated_published_fit_not_measurement,S01
AE_NMC,Negative electrode,0.33602144,0.1309696051175706,tabulated_published_fit_not_measurement,S01
AE_NMC,Negative electrode,0.34353320000000004,0.1304218320583459,tabulated_published_fit_not_measurement,S01
AE_NMC,Negative electrode,0.35104496,0.12986628000362543,tabulated_published_fit_not_measurement,S01
AE_NMC,Negative electrode,0.35855672000000005,0.12930109442822868,tabulated_published_fit_not_measurement,S01
AE_NMC,Negative electrode,0.36606848000000003,0.12872486271953676,tabulated_published_fit_not_measurement,S01
AE_NMC,Negative electrode,0.37358024000000006,0.12813650751195382,tabulated_published_fit_not_measurement,S01
AE_NMC,Negative electrode,0.38109200000000004,0.12753520739352098,tabulated_published_fit_not_measurement,S01
AE_NMC,Negative electrode,0.3886037600000001,0.1269203382107662,tabulated_published_fit_not_measurement,S01
AE_NMC,Negative electrode,0.39611552000000005,0.12629142977675656,tabulated_published_fit_not_measurement,S01
AE_NMC,Negative electrode,0.40362728000000003,0.12564813411881914,tabulated_published_fit_not_measurement,S01
AE_NMC,Negative electrode,0.41113904,0.12499020261748228,tabulated_published_fit_not_measurement,S01
AE_NMC,Negative electrode,0.41865080000000005,0.12431746938091237,tabulated_published_fit_not_measurement,S01
AE_NMC,Negative electrode,0.42616256,0.12362983974890085,tabulated_published_fit_not_measurement,S01
AE_NMC,Negative electrode,0.43367432000000006,0.12292728234024253,tabulated_published_fit_not_measurement,S01
AE_NMC,Negative electrode,0.4411860800000001,0.12220982387225376,tabulated_published_fit_not_measurement,S01
AE_NMC,Negative electrode,0.44869784000000007,0.12147754610487027,tabulated_published_fit_not_measurement,S01
AE_NMC,Negative electrode,0.4562096,0.12073058436362771,tabulated_published_fit_not_measurement,S01
AE_NMC,Negative electrode,0.46372136,0.11996912721951958,tabulated_published_fit_not_measurement,S01
AE_NMC,Negative electrode,0.47123312,0.11919341712928144,tabulated_published_fit_not_measurement,S01
AE_NMC,Negative electrode,0.47874488000000004,0.11840375178871909,tabulated_published_fit_not_measurement,S01
AE_NMC,Negative electrode,0.4862566400000001,0.11760048595169792,tabulated_published_fit_not_measurement,S01
AE_NMC,Negative electrode,0.49376840000000005,0.11678403375844937,tabulated_published_fit_not_measurement,S01
AE_NMC,Negative electrode,0.5012801600000001,0.11595487136946758,tabulated_published_fit_not_measurement,S01
AE_NMC,Negative electrode,0.5087919200000001,0.11511353973764926,tabulated_published_fit_not_measurement,S01
AE_NMC,Negative electrode,0.51630368,0.11426064774423139,tabulated_published_fit_not_measurement,S01
AE_NMC,Negative electrode,0.52381544,0.11339687527652131,tabulated_published_fit_not_measurement,S01
AE_NMC,Negative electrode,0.5313272,0.11252297650935361,tabulated_published_fit_not_measurement,S01
AE_NMC,Negative electrode,0.53883896,0.11163978313561529,tabulated_published_fit_not_measurement,S01
AE_NMC,Negative electrode,0.54635072,0.11074820766953053,tabulated_published_fit_not_measurement,S01
AE_NMC,Negative electrode,0.55386248,0.10984924656804651,tabulated_published_fit_not_measurement,S01
AE_NMC,Negative electrode,0.56137424,0.10894398336677114,tabulated_published_fit_not_measurement,S01
AE_NMC,Negative electrode,0.568886,0.10803359153942438,tabulated_published_fit_not_measurement,S01
AE_NMC,Negative electrode,0.57639776,0.10711933724815026,tabulated_published_fit_not_measurement,S01
AE_NMC,Negative electrode,0.58390952,0.10620258167909924,tabulated_published_fit_not_measurement,S01
AE_NMC,Negative electrode,0.5914212799999999,0.10528478310880018,tabulated_published_fit_not_measurement,S01
AE_NMC,Negative electrode,0.59893304,0.10436749848304316,tabulated_published_fit_not_measurement,S01
AE_NMC,Negative electrode,0.6064448,0.10345238447916927,tabulated_published_fit_not_measurement,S01
AE_NMC,Negative electrode,0.61395656,0.10254119786986848,tabulated_published_fit_not_measurement,S01
AE_NMC,Negative electrode,0.6214683200000001,0.10163579520303756,tabulated_published_fit_not_measurement,S01
AE_NMC,Negative electrode,0.62898008,0.10073813150665956,tabulated_published_fit_not_measurement,S01
AE_NMC,Negative electrode,0.63649184,0.09985025798232527,tabulated_published_fit_not_measurement,S01
AE_NMC,Negative electrode,0.6440036,0.0989743185127736,tabulated_published_fit_not_measurement,S01
AE_NMC,Negative electrode,0.6515153600000001,0.09811254467058461,tabulated_published_fit_not_measurement,S01
AE_NMC,Negative electrode,0.6590271200000001,0.09726724919892149,tabulated_published_fit_not_measurement,S01
AE_NMC,Negative electrode,0.66653888,0.09644081757141976,tabulated_published_fit_not_measurement,S01
AE_NMC,Negative electrode,0.6740506399999999,0.09563569745660061,tabulated_published_fit_not_measurement,S01
AE_NMC,Negative electrode,0.6815624,0.09485438572301064,tabulated_published_fit_not_measurement,S01
AE_NMC,Negative electrode,0.68907416,0.09409941273042932,tabulated_published_fit_not_measurement,S01
AE_NMC,Negative electrode,0.69658592,0.09337332342693117,tabulated_published_fit_not_measurement,S01
AE_NMC,Negative electrode,0.70409768,0.09267865488072857,tabulated_published_fit_not_measurement,S01
AE_NMC,Negative electrode,0.71160944,0.0920179099048255,tabulated_published_fit_not_measurement,S01
AE_NMC,Negative electrode,0.7191212,0.09139352598140249,tabulated_published_fit_not_measurement,S01
AE_NMC,Negative electrode,0.72663296,0.09080783918761881,tabulated_published_fit_not_measurement,S01
AE_NMC,Negative electrode,0.73414472,0.09026304225699278,tabulated_published_fit_not_measurement,S01
AE_NMC,Negative electrode,0.7416564800000001,0.08976113628887106,tabulated_published_fit_not_measurement,S01
AE_NMC,Negative electrode,0.74916824,0.08930387505097315,tabulated_published_fit_not_measurement,S01
AE_NMC,Negative electrode,0.75668,0.08889270119834691,tabulated_published_fit_not_measurement,S01
AE_NMC,Positive electrode,0.42424,4.290654189805994,tabulated_published_fit_not_measurement,S01
AE_NMC,Positive electrode,0.4296186,4.2768331709914,tabulated_published_fit_not_measurement,S01
AE_NMC,Positive electrode,0.43499720000000003,4.263113910785699,tabulated_published_fit_not_measurement,S01
AE_NMC,Positive electrode,0.4403758,4.2494999829163715,tabulated_published_fit_not_measurement,S01
AE_NMC,Positive electrode,0.4457544,4.2359950454231,tabulated_published_fit_not_measurement,S01
AE_NMC,Positive electrode,0.451133,4.222602838965558,tabulated_published_fit_not_measurement,S01
AE_NMC,Positive electrode,0.4565116,4.209327184715346,tabulated_published_fit_not_measurement,S01
AE_NMC,Positive electrode,0.46189020000000003,4.196171981799593,tabulated_published_fit_not_measurement,S01
AE_NMC,Positive electrode,0.4672688,4.183141204262816,tabulated_published_fit_not_measurement,S01
AE_NMC,Positive electrode,0.4726474,4.1702388975127205,tabulated_published_fit_not_measurement,S01
AE_NMC,Positive electrode,0.478026,4.157469174214932,tabulated_published_fit_not_measurement,S01
AE_NMC,Positive electrode,0.4834046,4.1448362096011975,tabulated_published_fit_not_measurement,S01
AE_NMC,Positive electrode,0.4887832,4.132344236155247,tabulated_published_fit_not_measurement,S01
AE_NMC,Positive electrode,0.4941618,4.1199975376405895,tabulated_published_fit_not_measurement,S01
AE_NMC,Positive electrode,0.4995404,4.107800442434747,tabulated_published_fit_not_measurement,S01
AE_NMC,Positive electrode,0.504919,4.095757316135158,tabulated_published_fit_not_measurement,S01
AE_NMC,Positive electrode,0.5102976,4.083872553402963,tabulated_published_fit_not_measurement,S01
AE_NMC,Positive electrode,0.5156762,4.072150569012391,tabulated_published_fit_not_measurement,S01
AE_NMC,Positive electrode,0.5210548,4.06059578807545,tabulated_published_fit_not_measurement,S01
AE_NMC,Positive electrode,0.5264334,4.049212635414056,tabulated_published_fit_not_measurement,S01
AE_NMC,Positive electrode,0.5318120000000001,4.038005524054824,tabulated_published_fit_not_measurement,S01
AE_NMC,Positive electrode,0.5371906,4.026978842825431,tabulated_published_fit_not_measurement,S01
AE_NMC,Positive electrode,0.5425692,4.016136943035765,tabulated_published_fit_not_measurement,S01
AE_NMC,Positive electrode,0.5479478,4.005484124232113,tabulated_published_fit_not_measurement,S01
AE_NMC,Positive electrode,0.5533264,3.995024619018418,tabulated_published_fit_not_measurement,S01
AE_NMC,Positive electrode,0.558705,3.984762576945142,tabulated_published_fit_not_measurement,S01
AE_NMC,Positive electrode,0.5640836,3.974702047473602,tabulated_published_fit_not_measurement,S01
AE_NMC,Positive electrode,0.5694622,3.964846962031739,tabulated_published_fit_not_measurement,S01
AE_NMC,Positive electrode,0.5748408,3.9552011151862136,tabulated_published_fit_not_measurement,S01
AE_NMC,Positive electrode,0.5802194,3.9457681449653914,tabulated_published_fit_not_measurement,S01
AE_NMC,Positive electrode,0.5855980000000001,3.936551512378284,tabulated_published_fit_not_measurement,S01
AE_NMC,Positive electrode,0.5909766000000001,3.9275544801857003,tabulated_published_fit_not_measurement,S01
AE_NMC,Positive electrode,0.5963552,3.9187800909917123,tabulated_published_fit_not_measurement,S01
AE_NMC,Positive electrode,0.6017338,3.910231144736073,tabulated_published_fit_not_measurement,S01
AE_NMC,Positive electrode,0.6071124,3.9019101756810888,tabulated_published_fit_not_measurement,S01
AE_NMC,Positive electrode,0.612491,3.893819428999905,tabulated_published_fit_not_measurement,S01
AE_NMC,Positive electrode,0.6178696,3.8859608370866927,tabulated_published_fit_not_measurement,S01
AE_NMC,Positive electrode,0.6232482,3.878335995722886,tabulated_published_fit_not_measurement,S01
AE_NMC,Positive electrode,0.6286268,3.870946140247247,tabulated_published_fit_not_measurement,S01
AE_NMC,Positive electrode,0.6340053999999999,3.8637921218906786,tabulated_published_fit_not_measurement,S01
AE_NMC,Positive electrode,0.6393840000000001,3.856874384449497,tabulated_published_fit_not_measurement,S01
AE_NMC,Positive electrode,0.6447626,3.850192941482708,tabulated_published_fit_not_measurement,S01
AE_NMC,Positive electrode,0.6501412,3.843747354229724,tabulated_published_fit_not_measurement,S01
AE_NMC,Positive electrode,0.6555198,3.837536710454454,tabulated_published_fit_not_measurement,S01
AE_NMC,Positive electrode,0.6608984,3.8315596044295783,tabulated_published_fit_not_measurement,S01
AE_NMC,Positive electrode,0.666277,3.8258141182808623,tabulated_published_fit_not_measurement,S01
AE_NMC,Positive electrode,0.6716556,3.8202978049151413,tabulated_published_fit_not_measurement,S01
AE_NMC,Positive electrode,0.6770342,3.8150076727569995,tabulated_published_fit_not_measurement,S01
AE_NMC,Positive electrode,0.6824128,3.809940172517839,tabulated_published_fit_not_measurement,S01
AE_NMC,Positive electrode,0.6877914,3.80509118621674,tabulated_published_fit_not_measurement,S01
AE_NMC,Positive electrode,0.6931700000000001,3.8004560186651952,tabulated_published_fit_not_measurement,S01
AE_NMC,Positive electrode,0.6985486000000001,3.7960293916171137,tabulated_published_fit_not_measurement,S01
AE_NMC,Positive electrode,0.7039272000000001,3.7918054407715323,tabulated_published_fit_not_measurement,S01
AE_NMC,Positive electrode,0.7093058,3.787777715798052,tabulated_published_fit_not_measurement,S01
AE_NMC,Positive electrode,0.7146844,3.783939183534252,tabulated_published_fit_not_measurement,S01
AE_NMC,Positive electrode,0.720063,3.7802822344802904,tabulated_published_fit_not_measurement,S01
AE_NMC,Positive electrode,0.7254415999999999,3.776798692688747,tabulated_published_fit_not_measurement,S01
AE_NMC,Positive electrode,0.7308202,3.7734798291177096,tabulated_published_fit_not_measurement,S01
AE_NMC,Positive electrode,0.7361987999999999,3.770316378482559,tabulated_published_fit_not_measurement,S01
AE_NMC,Positive electrode,0.7415773999999999,3.7672985596071564,tabulated_published_fit_not_measurement,S01
AE_NMC,Positive electrode,0.746956,3.7644160992387077,tabulated_published_fit_not_measurement,S01
AE_NMC,Positive electrode,0.7523346,3.7616582592529957,tabulated_published_fit_not_measurement,S01
AE_NMC,Positive electrode,0.7577132,3.7590138671384676,tabulated_published_fit_not_measurement,S01
AE_NMC,Positive electrode,0.7630918,3.756471349609485,tabulated_published_fit_not_measurement,S01
AE_NMC,Positive electrode,0.7684704,3.75401876916157,tabulated_published_fit_not_measurement,S01
AE_NMC,Positive electrode,0.773849,3.751643863345287,tabulated_published_fit_not_measurement,S01
AE_NMC,Positive electrode,0.7792276,3.7493340865012703,tabulated_published_fit_not_measurement,S01
AE_NMC,Positive electrode,0.7846062,3.747076653667291,tabulated_published_fit_not_measurement,S01
AE_NMC,Positive electrode,0.7899848,3.744858586340012,tabulated_published_fit_not_measurement,S01
AE_NMC,Positive electrode,0.7953634,3.7426667597494965,tabulated_published_fit_not_measurement,S01
AE_NMC,Positive electrode,0.8007420000000001,3.740487951284204,tabulated_published_fit_not_measurement,S01
AE_NMC,Positive electrode,0.8061206000000001,3.738308889688506,tabulated_published_fit_not_measurement,S01
AE_NMC,Positive electrode,0.8114992000000001,3.736116304643807,tabulated_published_fit_not_measurement,S01
AE_NMC,Positive electrode,0.8168778,3.7338969763382504,tabulated_published_fit_not_measurement,S01
AE_NMC,Positive electrode,0.8222564,3.7316377846284117,tabulated_published_fit_not_measurement,S01
AE_NMC,Positive electrode,0.827635,3.7293257573987746,tabulated_published_fit_not_measurement,S01
AE_NMC,Positive electrode,0.8330136,3.7269481177294606,tabulated_published_fit_not_measurement,S01
AE_NMC,Positive electrode,0.8383921999999999,3.724492329487257,tabulated_published_fit_not_measurement,S01
AE_NMC,Positive electrode,0.8437707999999999,3.7219461409541057,tabulated_published_fit_not_measurement,S01
AE_NMC,Positive electrode,0.8491493999999999,3.719297626091834,tabulated_published_fit_not_measurement,S01
AE_NMC,Positive electrode,0.8545280000000001,3.7165352229944335,tabulated_published_fit_not_measurement,S01
AE_NMC,Positive electrode,0.8599066,3.713647768967185,tabulated_published_fit_not_measurement,S01
AE_NMC,Positive electrode,0.8652852,3.7106245314342967,tabulated_published_fit_not_measurement,S01
AE_NMC,Positive electrode,0.8706638,3.707455233398184,tabulated_published_fit_not_measurement,S01
AE_NMC,Positive electrode,0.8760424,3.704130071236538,tabulated_published_fit_not_measurement,S01
AE_NMC,Positive electrode,0.881421,3.7006397208167083,tabulated_published_fit_not_measurement,S01
AE_NMC,Positive electrode,0.8867996,3.6969753244526973,tabulated_published_fit_not_measurement,S01
AE_NMC,Positive electrode,0.8921782,3.693128444656405,tabulated_published_fit_not_measurement,S01
AE_NMC,Positive electrode,0.8975568,3.6890909581563798,tabulated_published_fit_not_measurement,S01
AE_NMC,Positive electrode,0.9029354,3.684854840004244,tabulated_published_fit_not_measurement,S01
AE_NMC,Positive electrode,0.9083140000000001,3.680411742792734,tabulated_published_fit_not_measurement,S01
AE_NMC,Positive electrode,0.9136926,3.6757521912274895,tabulated_published_fit_not_measurement,S01
AE_NMC,Positive electrode,0.9190712,3.670864051958724,tabulated_published_fit_not_measurement,S01
AE_NMC,Positive electrode,0.9244498000000001,3.6657296357191447,tabulated_published_fit_not_measurement,S01
AE_NMC,Positive electrode,0.9298284000000001,3.66032021795942,tabulated_published_fit_not_measurement,S01
AE_NMC,Positive electrode,0.9352069999999999,3.6545856924739413,tabulated_published_fit_not_measurement,S01
AE_NMC,Positive electrode,0.9405855999999999,3.6484350758762796,tabulated_published_fit_not_measurement,S01
AE_NMC,Positive electrode,0.9459641999999999,3.6416999157901104,tabulated_published_fit_not_measurement,S01
AE_NMC,Positive electrode,0.9513427999999999,3.6340661245749253,tabulated_published_fit_not_measurement,S01
AE_NMC,Positive electrode,0.9567213999999999,3.6249488254122246,tabulated_published_fit_not_measurement,S01
AE_NMC,Positive electrode,0.9621,3.6132690157674188,tabulated_published_fit_not_measurement,S01
