time_s,target_speed_mph,target_speed_m_s,data_kind,source_id
0,0.0,0.0,prescribed_speed_not_measured_current,S18
1,0.0,0.0,prescribed_speed_not_measured_current,S18
2,0.0,0.0,prescribed_speed_not_measured_current,S18
3,0.0,0.0,prescribed_speed_not_measured_current,S18
4,0.0,0.0,prescribed_speed_not_measured_current,S18
5,0.0,0.0,prescribed_speed_not_measured_current,S18
6,0.2,0.089408,prescribed_speed_not_measured_current,S18
7,0.7,0.312928,prescribed_speed_not_measured_current,S18
8,1.1,0.491744,prescribed_speed_not_measured_current,S18
9,1.7,0.759968,prescribed_speed_not_measured_current,S18
10,6.0,2.68224,prescribed_speed_not_measured_current,S18
11,13.9,6.213856,prescribed_speed_not_measured_current,S18
12,20.5,9.16432,prescribed_speed_not_measured_current,S18
13,25.7,11.488928,prescribed_speed_not_measured_current,S18
14,25.0,11.176,prescribed_speed_not_measured_current,S18
15,28.4,12.695936,prescribed_speed_not_measured_current,S18
16,32.3,14.439391999999998,prescribed_speed_not_measured_current,S18
17,34.6,15.467584,prescribed_speed_not_measured_current,S18
18,36.5,16.316959999999998,prescribed_speed_not_measured_current,S18
19,38.4,17.166335999999998,prescribed_speed_not_measured_current,S18
20,39.9,17.836896,prescribed_speed_not_measured_current,S18
21,42.2,18.865088,prescribed_speed_not_measured_current,S18
22,43.8,19.580351999999998,prescribed_speed_not_measured_current,S18
23,44.2,19.759168000000003,prescribed_speed_not_measured_current,S18
24,43.4,19.401536,prescribed_speed_not_measured_current,S18
25,42.6,19.043904,prescribed_speed_not_measured_current,S18
26,40.3,18.015711999999997,prescribed_speed_not_measured_current,S18
27,39.2,17.523968,prescribed_speed_not_measured_current,S18
28,38.4,17.166335999999998,prescribed_speed_not_measured_current,S18
29,38.4,17.166335999999998,prescribed_speed_not_measured_current,S18
30,39.2,17.523968,prescribed_speed_not_measured_current,S18
31,38.8,17.345152,prescribed_speed_not_measured_current,S18
32,38.8,17.345152,prescribed_speed_not_measured_current,S18
33,36.5,16.316959999999998,prescribed_speed_not_measured_current,S18
34,32.3,14.439391999999998,prescribed_speed_not_measured_current,S18
35,27.6,12.338304,prescribed_speed_not_measured_current,S18
36,22.3,9.968992,prescribed_speed_not_measured_current,S18
37,17.3,7.733792,prescribed_speed_not_measured_current,S18
38,11.5,5.14096,prescribed_speed_not_measured_current,S18
39,5.8,2.592832,prescribed_speed_not_measured_current,S18
40,1.2,0.5364479999999999,prescribed_speed_not_measured_current,S18
41,0.0,0.0,prescribed_speed_not_measured_current,S18
42,0.0,0.0,prescribed_speed_not_measured_current,S18
43,0.0,0.0,prescribed_speed_not_measured_current,S18
44,0.0,0.0,prescribed_speed_not_measured_current,S18
45,0.0,0.0,prescribed_speed_not_measured_current,S18
46,0.0,0.0,prescribed_speed_not_measured_current,S18
47,0.0,0.0,prescribed_speed_not_measured_current,S18
48,0.0,0.0,prescribed_speed_not_measured_current,S18
49,0.8,0.357632,prescribed_speed_not_measured_current,S18
50,9.2,4.112768,prescribed_speed_not_measured_current,S18
51,14.9,6.660896,prescribed_speed_not_measured_current,S18
52,18.2,8.136128,prescribed_speed_not_measured_current,S18
53,22.2,9.924287999999999,prescribed_speed_not_measured_current,S18
54,27.2,12.159488,prescribed_speed_not_measured_current,S18
55,31.4,14.037056,prescribed_speed_not_measured_current,S18
56,33.8,15.109951999999998,prescribed_speed_not_measured_current,S18
57,37.2,16.629888,prescribed_speed_not_measured_current,S18
58,40.8,18.239231999999998,prescribed_speed_not_measured_current,S18
59,44.0,19.66976,prescribed_speed_not_measured_current,S18
60,46.3,20.697951999999997,prescribed_speed_not_measured_current,S18
61,47.6,21.279104,prescribed_speed_not_measured_current,S18
62,49.5,22.12848,prescribed_speed_not_measured_current,S18
63,51.2,22.888448,prescribed_speed_not_measured_current,S18
64,53.0,23.69312,prescribed_speed_not_measured_current,S18
65,54.4,24.318976,prescribed_speed_not_measured_current,S18
66,55.6,24.855424,prescribed_speed_not_measured_current,S18
67,56.4,25.213055999999998,prescribed_speed_not_measured_current,S18
68,56.1,25.078944,prescribed_speed_not_measured_current,S18
69,56.2,25.123648,prescribed_speed_not_measured_current,S18
70,55.8,24.944831999999998,prescribed_speed_not_measured_current,S18
71,55.1,24.631904,prescribed_speed_not_measured_current,S18
72,54.4,24.318976,prescribed_speed_not_measured_current,S18
73,54.2,24.229568,prescribed_speed_not_measured_current,S18
74,54.4,24.318976,prescribed_speed_not_measured_current,S18
75,54.2,24.229568,prescribed_speed_not_measured_current,S18
76,53.5,23.91664,prescribed_speed_not_measured_current,S18
77,52.3,23.380191999999997,prescribed_speed_not_measured_current,S18
78,52.0,23.24608,prescribed_speed_not_measured_current,S18
79,51.9,23.201376,prescribed_speed_not_measured_current,S18
80,51.8,23.156671999999997,prescribed_speed_not_measured_current,S18
81,51.9,23.201376,prescribed_speed_not_measured_current,S18
82,52.0,23.24608,prescribed_speed_not_measured_current,S18
83,52.5,23.4696,prescribed_speed_not_measured_current,S18
84,53.4,23.871935999999998,prescribed_speed_not_measured_current,S18
85,54.9,24.542496,prescribed_speed_not_measured_current,S18
86,56.8,25.391872,prescribed_speed_not_measured_current,S18
87,58.8,26.285951999999998,prescribed_speed_not_measured_current,S18
88,60.6,27.090624000000002,prescribed_speed_not_measured_current,S18
89,62.3,27.850592,prescribed_speed_not_measured_current,S18
90,64.2,28.699968000000002,prescribed_speed_not_measured_current,S18
91,66.2,29.594048,prescribed_speed_not_measured_current,S18
92,67.8,30.309312,prescribed_speed_not_measured_current,S18
93,69.4,31.024576000000003,prescribed_speed_not_measured_current,S18
94,70.4,31.471616,prescribed_speed_not_measured_current,S18
95,70.6,31.561023999999996,prescribed_speed_not_measured_current,S18
96,70.7,31.605728,prescribed_speed_not_measured_current,S18
97,70.3,31.426911999999998,prescribed_speed_not_measured_current,S18
98,68.2,30.488128,prescribed_speed_not_measured_current,S18
99,66.5,29.72816,prescribed_speed_not_measured_current,S18
100,64.9,29.012896,prescribed_speed_not_measured_current,S18
101,63.7,28.476448,prescribed_speed_not_measured_current,S18
102,62.5,27.94,prescribed_speed_not_measured_current,S18
103,61.0,27.26944,prescribed_speed_not_measured_current,S18
104,59.3,26.509472,prescribed_speed_not_measured_current,S18
105,57.7,25.794208,prescribed_speed_not_measured_current,S18
106,56.0,25.03424,prescribed_speed_not_measured_current,S18
107,54.5,24.36368,prescribed_speed_not_measured_current,S18
108,52.8,23.603711999999998,prescribed_speed_not_measured_current,S18
109,51.2,22.888448,prescribed_speed_not_measured_current,S18
110,49.5,22.12848,prescribed_speed_not_measured_current,S18
111,48.0,21.45792,prescribed_speed_not_measured_current,S18
112,46.3,20.697951999999997,prescribed_speed_not_measured_current,S18
113,44.0,19.66976,prescribed_speed_not_measured_current,S18
114,41.1,18.373344,prescribed_speed_not_measured_current,S18
115,38.8,17.345152,prescribed_speed_not_measured_current,S18
116,37.7,16.853408,prescribed_speed_not_measured_current,S18
117,36.6,16.361664,prescribed_speed_not_measured_current,S18
118,35.3,15.780511999999998,prescribed_speed_not_measured_current,S18
119,30.0,13.4112,prescribed_speed_not_measured_current,S18
120,24.4,10.907775999999998,prescribed_speed_not_measured_current,S18
121,19.8,8.851392,prescribed_speed_not_measured_current,S18
122,15.5,6.92912,prescribed_speed_not_measured_current,S18
123,10.8,4.828032,prescribed_speed_not_measured_current,S18
124,6.3,2.8163519999999997,prescribed_speed_not_measured_current,S18
125,3.2,1.430528,prescribed_speed_not_measured_current,S18
126,2.1,0.9387840000000001,prescribed_speed_not_measured_current,S18
127,1.2,0.5364479999999999,prescribed_speed_not_measured_current,S18
128,0.0,0.0,prescribed_speed_not_measured_current,S18
129,0.0,0.0,prescribed_speed_not_measured_current,S18
130,0.0,0.0,prescribed_speed_not_measured_current,S18
131,0.0,0.0,prescribed_speed_not_measured_current,S18
132,0.0,0.0,prescribed_speed_not_measured_current,S18
133,0.0,0.0,prescribed_speed_not_measured_current,S18
134,0.0,0.0,prescribed_speed_not_measured_current,S18
135,0.0,0.0,prescribed_speed_not_measured_current,S18
136,2.7,1.207008,prescribed_speed_not_measured_current,S18
137,9.2,4.112768,prescribed_speed_not_measured_current,S18
138,16.1,7.197344,prescribed_speed_not_measured_current,S18
139,22.7,10.147808,prescribed_speed_not_measured_current,S18
140,29.2,13.053568,prescribed_speed_not_measured_current,S18
141,34.2,15.288768000000001,prescribed_speed_not_measured_current,S18
142,38.8,17.345152,prescribed_speed_not_measured_current,S18
143,43.0,19.22272,prescribed_speed_not_measured_current,S18
144,45.3,20.250912,prescribed_speed_not_measured_current,S18
145,46.8,20.921471999999998,prescribed_speed_not_measured_current,S18
146,48.0,21.45792,prescribed_speed_not_measured_current,S18
147,49.5,22.12848,prescribed_speed_not_measured_current,S18
148,50.3,22.486112,prescribed_speed_not_measured_current,S18
149,51.5,23.02256,prescribed_speed_not_measured_current,S18
150,52.2,23.335488,prescribed_speed_not_measured_current,S18
151,52.6,23.514304,prescribed_speed_not_measured_current,S18
152,53.0,23.69312,prescribed_speed_not_measured_current,S18
153,53.8,24.050752,prescribed_speed_not_measured_current,S18
154,53.8,24.050752,prescribed_speed_not_measured_current,S18
155,53.8,24.050752,prescribed_speed_not_measured_current,S18
156,54.6,24.408384,prescribed_speed_not_measured_current,S18
157,56.3,25.168352,prescribed_speed_not_measured_current,S18
158,56.9,25.436576,prescribed_speed_not_measured_current,S18
159,58.1,25.973024,prescribed_speed_not_measured_current,S18
160,58.4,26.107136,prescribed_speed_not_measured_current,S18
161,59.6,26.643584,prescribed_speed_not_measured_current,S18
162,59.9,26.777696,prescribed_speed_not_measured_current,S18
163,60.2,26.911808,prescribed_speed_not_measured_current,S18
164,60.5,27.04592,prescribed_speed_not_measured_current,S18
165,59.7,26.688288,prescribed_speed_not_measured_current,S18
166,58.3,26.062431999999998,prescribed_speed_not_measured_current,S18
167,58.1,25.973024,prescribed_speed_not_measured_current,S18
168,57.8,25.838911999999997,prescribed_speed_not_measured_current,S18
169,57.3,25.615392,prescribed_speed_not_measured_current,S18
170,57.5,25.7048,prescribed_speed_not_measured_current,S18
171,56.6,25.302464,prescribed_speed_not_measured_current,S18
172,57.0,25.481279999999998,prescribed_speed_not_measured_current,S18
173,56.6,25.302464,prescribed_speed_not_measured_current,S18
174,56.5,25.25776,prescribed_speed_not_measured_current,S18
175,56.2,25.123648,prescribed_speed_not_measured_current,S18
176,56.4,25.213055999999998,prescribed_speed_not_measured_current,S18
177,56.6,25.302464,prescribed_speed_not_measured_current,S18
178,56.4,25.213055999999998,prescribed_speed_not_measured_current,S18
179,56.1,25.078944,prescribed_speed_not_measured_current,S18
180,56.0,25.03424,prescribed_speed_not_measured_current,S18
181,55.9,24.989535999999998,prescribed_speed_not_measured_current,S18
182,54.8,24.497791999999997,prescribed_speed_not_measured_current,S18
183,54.2,24.229568,prescribed_speed_not_measured_current,S18
184,54.6,24.408384,prescribed_speed_not_measured_current,S18
185,52.2,23.335488,prescribed_speed_not_measured_current,S18
186,54.7,24.453088,prescribed_speed_not_measured_current,S18
187,55.7,24.900128000000002,prescribed_speed_not_measured_current,S18
188,57.0,25.481279999999998,prescribed_speed_not_measured_current,S18
189,58.0,25.92832,prescribed_speed_not_measured_current,S18
190,58.1,25.973024,prescribed_speed_not_measured_current,S18
191,59.4,26.554176,prescribed_speed_not_measured_current,S18
192,59.9,26.777696,prescribed_speed_not_measured_current,S18
193,61.0,27.26944,prescribed_speed_not_measured_current,S18
194,61.4,27.448256,prescribed_speed_not_measured_current,S18
195,61.9,27.671775999999998,prescribed_speed_not_measured_current,S18
196,62.5,27.94,prescribed_speed_not_measured_current,S18
197,62.5,27.94,prescribed_speed_not_measured_current,S18
198,62.7,28.029408,prescribed_speed_not_measured_current,S18
199,62.2,27.805888,prescribed_speed_not_measured_current,S18
200,62.5,27.94,prescribed_speed_not_measured_current,S18
201,63.1,28.208224,prescribed_speed_not_measured_current,S18
202,62.7,28.029408,prescribed_speed_not_measured_current,S18
203,62.8,28.074112,prescribed_speed_not_measured_current,S18
204,63.0,28.16352,prescribed_speed_not_measured_current,S18
205,64.1,28.655263999999995,prescribed_speed_not_measured_current,S18
206,63.9,28.565856,prescribed_speed_not_measured_current,S18
207,64.1,28.655263999999995,prescribed_speed_not_measured_current,S18
208,64.3,28.744671999999998,prescribed_speed_not_measured_current,S18
209,64.5,28.83408,prescribed_speed_not_measured_current,S18
210,64.9,29.012896,prescribed_speed_not_measured_current,S18
211,65.3,29.191712,prescribed_speed_not_measured_current,S18
212,66.0,29.50464,prescribed_speed_not_measured_current,S18
213,66.0,29.50464,prescribed_speed_not_measured_current,S18
214,66.4,29.683456000000003,prescribed_speed_not_measured_current,S18
215,64.1,28.655263999999995,prescribed_speed_not_measured_current,S18
216,63.6,28.431744000000002,prescribed_speed_not_measured_current,S18
217,63.9,28.565856,prescribed_speed_not_measured_current,S18
218,64.1,28.655263999999995,prescribed_speed_not_measured_current,S18
219,63.7,28.476448,prescribed_speed_not_measured_current,S18
220,64.3,28.744671999999998,prescribed_speed_not_measured_current,S18
221,64.2,28.699968000000002,prescribed_speed_not_measured_current,S18
222,63.9,28.565856,prescribed_speed_not_measured_current,S18
223,64.2,28.699968000000002,prescribed_speed_not_measured_current,S18
224,63.4,28.342336,prescribed_speed_not_measured_current,S18
225,64.0,28.61056,prescribed_speed_not_measured_current,S18
226,63.9,28.565856,prescribed_speed_not_measured_current,S18
227,64.0,28.61056,prescribed_speed_not_measured_current,S18
228,63.8,28.521151999999997,prescribed_speed_not_measured_current,S18
229,64.0,28.61056,prescribed_speed_not_measured_current,S18
230,63.3,28.297631999999997,prescribed_speed_not_measured_current,S18
231,63.4,28.342336,prescribed_speed_not_measured_current,S18
232,63.9,28.565856,prescribed_speed_not_measured_current,S18
233,64.0,28.61056,prescribed_speed_not_measured_current,S18
234,64.3,28.744671999999998,prescribed_speed_not_measured_current,S18
235,64.8,28.968192,prescribed_speed_not_measured_current,S18
236,65.1,29.102303999999997,prescribed_speed_not_measured_current,S18
237,64.0,28.61056,prescribed_speed_not_measured_current,S18
238,64.2,28.699968000000002,prescribed_speed_not_measured_current,S18
239,63.1,28.208224,prescribed_speed_not_measured_current,S18
240,63.7,28.476448,prescribed_speed_not_measured_current,S18
241,63.1,28.208224,prescribed_speed_not_measured_current,S18
242,63.7,28.476448,prescribed_speed_not_measured_current,S18
243,63.5,28.38704,prescribed_speed_not_measured_current,S18
244,63.0,28.16352,prescribed_speed_not_measured_current,S18
245,63.1,28.208224,prescribed_speed_not_measured_current,S18
246,63.0,28.16352,prescribed_speed_not_measured_current,S18
247,63.3,28.297631999999997,prescribed_speed_not_measured_current,S18
248,63.4,28.342336,prescribed_speed_not_measured_current,S18
249,63.3,28.297631999999997,prescribed_speed_not_measured_current,S18
250,62.5,27.94,prescribed_speed_not_measured_current,S18
251,62.5,27.94,prescribed_speed_not_measured_current,S18
252,62.9,28.118816,prescribed_speed_not_measured_current,S18
253,62.8,28.074112,prescribed_speed_not_measured_current,S18
254,62.2,27.805888,prescribed_speed_not_measured_current,S18
255,62.4,27.895296,prescribed_speed_not_measured_current,S18
256,62.3,27.850592,prescribed_speed_not_measured_current,S18
257,62.3,27.850592,prescribed_speed_not_measured_current,S18
258,62.4,27.895296,prescribed_speed_not_measured_current,S18
259,62.1,27.761184,prescribed_speed_not_measured_current,S18
260,62.5,27.94,prescribed_speed_not_measured_current,S18
261,62.8,28.074112,prescribed_speed_not_measured_current,S18
262,62.3,27.850592,prescribed_speed_not_measured_current,S18
263,62.3,27.850592,prescribed_speed_not_measured_current,S18
264,62.4,27.895296,prescribed_speed_not_measured_current,S18
265,61.9,27.671775999999998,prescribed_speed_not_measured_current,S18
266,62.8,28.074112,prescribed_speed_not_measured_current,S18
267,62.8,28.074112,prescribed_speed_not_measured_current,S18
268,62.3,27.850592,prescribed_speed_not_measured_current,S18
269,62.8,28.074112,prescribed_speed_not_measured_current,S18
270,62.4,27.895296,prescribed_speed_not_measured_current,S18
271,62.1,27.761184,prescribed_speed_not_measured_current,S18
272,61.9,27.671775999999998,prescribed_speed_not_measured_current,S18
273,61.8,27.627072,prescribed_speed_not_measured_current,S18
274,62.1,27.761184,prescribed_speed_not_measured_current,S18
275,62.1,27.761184,prescribed_speed_not_measured_current,S18
276,62.1,27.761184,prescribed_speed_not_measured_current,S18
277,62.0,27.71648,prescribed_speed_not_measured_current,S18
278,62.4,27.895296,prescribed_speed_not_measured_current,S18
279,62.2,27.805888,prescribed_speed_not_measured_current,S18
280,62.2,27.805888,prescribed_speed_not_measured_current,S18
281,62.4,27.895296,prescribed_speed_not_measured_current,S18
282,62.7,28.029408,prescribed_speed_not_measured_current,S18
283,62.6,27.984704,prescribed_speed_not_measured_current,S18
284,63.7,28.476448,prescribed_speed_not_measured_current,S18
285,64.3,28.744671999999998,prescribed_speed_not_measured_current,S18
286,64.8,28.968192,prescribed_speed_not_measured_current,S18
287,65.1,29.102303999999997,prescribed_speed_not_measured_current,S18
288,65.9,29.459936000000003,prescribed_speed_not_measured_current,S18
289,66.1,29.549343999999998,prescribed_speed_not_measured_current,S18
290,67.0,29.95168,prescribed_speed_not_measured_current,S18
291,67.2,30.041088000000002,prescribed_speed_not_measured_current,S18
292,67.5,30.1752,prescribed_speed_not_measured_current,S18
293,68.3,30.532832,prescribed_speed_not_measured_current,S18
294,68.3,30.532832,prescribed_speed_not_measured_current,S18
295,68.8,30.756352,prescribed_speed_not_measured_current,S18
296,69.1,30.890463999999998,prescribed_speed_not_measured_current,S18
297,69.4,31.024576000000003,prescribed_speed_not_measured_current,S18
298,71.7,32.052768,prescribed_speed_not_measured_current,S18
299,72.1,32.231584,prescribed_speed_not_measured_current,S18
300,74.9,33.483296,prescribed_speed_not_measured_current,S18
301,72.6,32.455104,prescribed_speed_not_measured_current,S18
302,72.2,32.276288,prescribed_speed_not_measured_current,S18
303,72.2,32.276288,prescribed_speed_not_measured_current,S18
304,72.0,32.18688,prescribed_speed_not_measured_current,S18
305,72.5,32.4104,prescribed_speed_not_measured_current,S18
306,72.8,32.544512,prescribed_speed_not_measured_current,S18
307,72.7,32.499808,prescribed_speed_not_measured_current,S18
308,71.8,32.097471999999996,prescribed_speed_not_measured_current,S18
309,71.4,31.918656000000002,prescribed_speed_not_measured_current,S18
310,71.1,31.784543999999997,prescribed_speed_not_measured_current,S18
311,71.1,31.784543999999997,prescribed_speed_not_measured_current,S18
312,70.9,31.695136,prescribed_speed_not_measured_current,S18
313,71.0,31.73984,prescribed_speed_not_measured_current,S18
314,71.0,31.73984,prescribed_speed_not_measured_current,S18
315,71.2,31.829248,prescribed_speed_not_measured_current,S18
316,72.1,32.231584,prescribed_speed_not_measured_current,S18
317,72.6,32.455104,prescribed_speed_not_measured_current,S18
318,73.6,32.902144,prescribed_speed_not_measured_current,S18
319,74.8,33.438592,prescribed_speed_not_measured_current,S18
320,75.7,33.840928,prescribed_speed_not_measured_current,S18
321,77.3,34.556191999999996,prescribed_speed_not_measured_current,S18
322,78.4,35.047936,prescribed_speed_not_measured_current,S18
323,79.3,35.450272,prescribed_speed_not_measured_current,S18
324,78.2,34.958528,prescribed_speed_not_measured_current,S18
325,76.0,33.97504,prescribed_speed_not_measured_current,S18
326,75.6,33.796223999999995,prescribed_speed_not_measured_current,S18
327,76.4,34.153856000000005,prescribed_speed_not_measured_current,S18
328,77.6,34.690304,prescribed_speed_not_measured_current,S18
329,78.0,34.86912,prescribed_speed_not_measured_current,S18
330,79.1,35.360864,prescribed_speed_not_measured_current,S18
331,79.5,35.53968,prescribed_speed_not_measured_current,S18
332,79.9,35.718496,prescribed_speed_not_measured_current,S18
333,79.9,35.718496,prescribed_speed_not_measured_current,S18
334,80.3,35.897312,prescribed_speed_not_measured_current,S18
335,80.3,35.897312,prescribed_speed_not_measured_current,S18
336,79.5,35.53968,prescribed_speed_not_measured_current,S18
337,79.5,35.53968,prescribed_speed_not_measured_current,S18
338,79.1,35.360864,prescribed_speed_not_measured_current,S18
339,78.7,35.182048,prescribed_speed_not_measured_current,S18
340,77.6,34.690304,prescribed_speed_not_measured_current,S18
341,76.5,34.19856,prescribed_speed_not_measured_current,S18
342,74.3,33.215072,prescribed_speed_not_measured_current,S18
343,72.6,32.455104,prescribed_speed_not_measured_current,S18
344,70.8,31.650432,prescribed_speed_not_measured_current,S18
345,67.6,30.219903999999996,prescribed_speed_not_measured_current,S18
346,66.4,29.683456000000003,prescribed_speed_not_measured_current,S18
347,66.7,29.817568,prescribed_speed_not_measured_current,S18
348,66.1,29.549343999999998,prescribed_speed_not_measured_current,S18
349,65.9,29.459936000000003,prescribed_speed_not_measured_current,S18
350,66.2,29.594048,prescribed_speed_not_measured_current,S18
351,66.1,29.549343999999998,prescribed_speed_not_measured_current,S18
352,67.1,29.996383999999995,prescribed_speed_not_measured_current,S18
353,67.4,30.130496,prescribed_speed_not_measured_current,S18
354,68.3,30.532832,prescribed_speed_not_measured_current,S18
355,68.3,30.532832,prescribed_speed_not_measured_current,S18
356,68.7,30.711648,prescribed_speed_not_measured_current,S18
357,68.2,30.488128,prescribed_speed_not_measured_current,S18
358,68.1,30.443423999999997,prescribed_speed_not_measured_current,S18
359,68.0,30.39872,prescribed_speed_not_measured_current,S18
360,67.1,29.996383999999995,prescribed_speed_not_measured_current,S18
361,66.4,29.683456000000003,prescribed_speed_not_measured_current,S18
362,66.1,29.549343999999998,prescribed_speed_not_measured_current,S18
363,65.7,29.370528,prescribed_speed_not_measured_current,S18
364,66.0,29.50464,prescribed_speed_not_measured_current,S18
365,66.4,29.683456000000003,prescribed_speed_not_measured_current,S18
366,66.0,29.50464,prescribed_speed_not_measured_current,S18
367,66.3,29.638751999999997,prescribed_speed_not_measured_current,S18
368,67.0,29.95168,prescribed_speed_not_measured_current,S18
369,67.5,30.1752,prescribed_speed_not_measured_current,S18
370,67.9,30.354016,prescribed_speed_not_measured_current,S18
371,68.1,30.443423999999997,prescribed_speed_not_measured_current,S18
372,68.5,30.622239999999998,prescribed_speed_not_measured_current,S18
373,68.9,30.801056000000003,prescribed_speed_not_measured_current,S18
374,68.6,30.666943999999997,prescribed_speed_not_measured_current,S18
375,69.4,31.024576000000003,prescribed_speed_not_measured_current,S18
376,69.4,31.024576000000003,prescribed_speed_not_measured_current,S18
377,69.4,31.024576000000003,prescribed_speed_not_measured_current,S18
378,70.0,31.2928,prescribed_speed_not_measured_current,S18
379,70.4,31.471616,prescribed_speed_not_measured_current,S18
380,70.6,31.561023999999996,prescribed_speed_not_measured_current,S18
381,70.9,31.695136,prescribed_speed_not_measured_current,S18
382,70.3,31.426911999999998,prescribed_speed_not_measured_current,S18
383,70.6,31.561023999999996,prescribed_speed_not_measured_current,S18
384,70.3,31.426911999999998,prescribed_speed_not_measured_current,S18
385,69.7,31.158688,prescribed_speed_not_measured_current,S18
386,69.9,31.248096,prescribed_speed_not_measured_current,S18
387,70.1,31.337503999999996,prescribed_speed_not_measured_current,S18
388,69.6,31.113984,prescribed_speed_not_measured_current,S18
389,69.3,30.979871999999997,prescribed_speed_not_measured_current,S18
390,69.9,31.248096,prescribed_speed_not_measured_current,S18
391,69.7,31.158688,prescribed_speed_not_measured_current,S18
392,69.5,31.06928,prescribed_speed_not_measured_current,S18
393,69.9,31.248096,prescribed_speed_not_measured_current,S18
394,70.2,31.382208000000002,prescribed_speed_not_measured_current,S18
395,70.2,31.382208000000002,prescribed_speed_not_measured_current,S18
396,70.2,31.382208000000002,prescribed_speed_not_measured_current,S18
397,71.0,31.73984,prescribed_speed_not_measured_current,S18
398,70.8,31.650432,prescribed_speed_not_measured_current,S18
399,70.9,31.695136,prescribed_speed_not_measured_current,S18
400,70.7,31.605728,prescribed_speed_not_measured_current,S18
401,70.9,31.695136,prescribed_speed_not_measured_current,S18
402,71.2,31.829248,prescribed_speed_not_measured_current,S18
403,71.3,31.873952,prescribed_speed_not_measured_current,S18
404,70.8,31.650432,prescribed_speed_not_measured_current,S18
405,71.2,31.829248,prescribed_speed_not_measured_current,S18
406,71.7,32.052768,prescribed_speed_not_measured_current,S18
407,71.9,32.142176,prescribed_speed_not_measured_current,S18
408,72.6,32.455104,prescribed_speed_not_measured_current,S18
409,72.3,32.320992,prescribed_speed_not_measured_current,S18
410,72.3,32.320992,prescribed_speed_not_measured_current,S18
411,72.1,32.231584,prescribed_speed_not_measured_current,S18
412,72.0,32.18688,prescribed_speed_not_measured_current,S18
413,71.9,32.142176,prescribed_speed_not_measured_current,S18
414,72.6,32.455104,prescribed_speed_not_measured_current,S18
415,72.8,32.544512,prescribed_speed_not_measured_current,S18
416,73.2,32.723328,prescribed_speed_not_measured_current,S18
417,72.1,32.231584,prescribed_speed_not_measured_current,S18
418,71.5,31.963359999999998,prescribed_speed_not_measured_current,S18
419,70.9,31.695136,prescribed_speed_not_measured_current,S18
420,70.4,31.471616,prescribed_speed_not_measured_current,S18
421,70.5,31.51632,prescribed_speed_not_measured_current,S18
422,70.9,31.695136,prescribed_speed_not_measured_current,S18
423,70.2,31.382208000000002,prescribed_speed_not_measured_current,S18
424,71.0,31.73984,prescribed_speed_not_measured_current,S18
425,70.2,31.382208000000002,prescribed_speed_not_measured_current,S18
426,70.3,31.426911999999998,prescribed_speed_not_measured_current,S18
427,69.1,30.890463999999998,prescribed_speed_not_measured_current,S18
428,68.8,30.756352,prescribed_speed_not_measured_current,S18
429,68.2,30.488128,prescribed_speed_not_measured_current,S18
430,68.3,30.532832,prescribed_speed_not_measured_current,S18
431,68.2,30.488128,prescribed_speed_not_measured_current,S18
432,67.7,30.264608,prescribed_speed_not_measured_current,S18
433,67.3,30.085791999999998,prescribed_speed_not_measured_current,S18
434,67.5,30.1752,prescribed_speed_not_measured_current,S18
435,67.6,30.219903999999996,prescribed_speed_not_measured_current,S18
436,67.6,30.219903999999996,prescribed_speed_not_measured_current,S18
437,67.2,30.041088000000002,prescribed_speed_not_measured_current,S18
438,67.0,29.95168,prescribed_speed_not_measured_current,S18
439,66.3,29.638751999999997,prescribed_speed_not_measured_current,S18
440,66.6,29.772864,prescribed_speed_not_measured_current,S18
441,66.2,29.594048,prescribed_speed_not_measured_current,S18
442,66.4,29.683456000000003,prescribed_speed_not_measured_current,S18
443,65.9,29.459936000000003,prescribed_speed_not_measured_current,S18
444,66.1,29.549343999999998,prescribed_speed_not_measured_current,S18
445,65.5,29.281119999999998,prescribed_speed_not_measured_current,S18
446,62.2,27.805888,prescribed_speed_not_measured_current,S18
447,62.2,27.805888,prescribed_speed_not_measured_current,S18
448,61.4,27.448256,prescribed_speed_not_measured_current,S18
449,61.1,27.314144,prescribed_speed_not_measured_current,S18
450,61.4,27.448256,prescribed_speed_not_measured_current,S18
451,61.1,27.314144,prescribed_speed_not_measured_current,S18
452,61.4,27.448256,prescribed_speed_not_measured_current,S18
453,61.4,27.448256,prescribed_speed_not_measured_current,S18
454,61.8,27.627072,prescribed_speed_not_measured_current,S18
455,61.8,27.627072,prescribed_speed_not_measured_current,S18
456,61.8,27.627072,prescribed_speed_not_measured_current,S18
457,61.8,27.627072,prescribed_speed_not_measured_current,S18
458,62.2,27.805888,prescribed_speed_not_measured_current,S18
459,61.8,27.627072,prescribed_speed_not_measured_current,S18
460,62.2,27.805888,prescribed_speed_not_measured_current,S18
461,62.6,27.984704,prescribed_speed_not_measured_current,S18
462,62.2,27.805888,prescribed_speed_not_measured_current,S18
463,62.6,27.984704,prescribed_speed_not_measured_current,S18
464,62.2,27.805888,prescribed_speed_not_measured_current,S18
465,62.6,27.984704,prescribed_speed_not_measured_current,S18
466,62.6,27.984704,prescribed_speed_not_measured_current,S18
467,63.0,28.16352,prescribed_speed_not_measured_current,S18
468,62.6,27.984704,prescribed_speed_not_measured_current,S18
469,62.2,27.805888,prescribed_speed_not_measured_current,S18
470,61.1,27.314144,prescribed_speed_not_measured_current,S18
471,59.5,26.59888,prescribed_speed_not_measured_current,S18
472,58.8,26.285951999999998,prescribed_speed_not_measured_current,S18
473,56.8,25.391872,prescribed_speed_not_measured_current,S18
474,55.7,24.900128000000002,prescribed_speed_not_measured_current,S18
475,54.1,24.184864,prescribed_speed_not_measured_current,S18
476,51.5,23.02256,prescribed_speed_not_measured_current,S18
477,49.2,21.994368,prescribed_speed_not_measured_current,S18
478,48.8,21.815551999999997,prescribed_speed_not_measured_current,S18
479,47.6,21.279104,prescribed_speed_not_measured_current,S18
480,44.9,20.072096,prescribed_speed_not_measured_current,S18
481,41.5,18.55216,prescribed_speed_not_measured_current,S18
482,37.2,16.629888,prescribed_speed_not_measured_current,S18
483,34.6,15.467584,prescribed_speed_not_measured_current,S18
484,33.0,14.75232,prescribed_speed_not_measured_current,S18
485,29.2,13.053568,prescribed_speed_not_measured_current,S18
486,22.3,9.968992,prescribed_speed_not_measured_current,S18
487,17.7,7.912608,prescribed_speed_not_measured_current,S18
488,17.3,7.733792,prescribed_speed_not_measured_current,S18
489,14.0,6.25856,prescribed_speed_not_measured_current,S18
490,10.0,4.4704,prescribed_speed_not_measured_current,S18
491,6.0,2.68224,prescribed_speed_not_measured_current,S18
492,2.0,0.89408,prescribed_speed_not_measured_current,S18
493,0.0,0.0,prescribed_speed_not_measured_current,S18
494,0.0,0.0,prescribed_speed_not_measured_current,S18
495,0.0,0.0,prescribed_speed_not_measured_current,S18
496,0.0,0.0,prescribed_speed_not_measured_current,S18
497,0.0,0.0,prescribed_speed_not_measured_current,S18
498,0.0,0.0,prescribed_speed_not_measured_current,S18
499,0.0,0.0,prescribed_speed_not_measured_current,S18
500,0.0,0.0,prescribed_speed_not_measured_current,S18
501,0.2,0.089408,prescribed_speed_not_measured_current,S18
502,4.4,1.966976,prescribed_speed_not_measured_current,S18
503,10.1,4.515104,prescribed_speed_not_measured_current,S18
504,15.6,6.973824,prescribed_speed_not_measured_current,S18
505,20.8,9.298432,prescribed_speed_not_measured_current,S18
506,25.1,11.220704000000001,prescribed_speed_not_measured_current,S18
507,27.7,12.383008,prescribed_speed_not_measured_current,S18
508,28.2,12.606527999999999,prescribed_speed_not_measured_current,S18
509,26.8,11.980672,prescribed_speed_not_measured_current,S18
510,24.8,11.086592,prescribed_speed_not_measured_current,S18
511,22.4,10.013696,prescribed_speed_not_measured_current,S18
512,17.1,7.6443840000000005,prescribed_speed_not_measured_current,S18
513,11.3,5.051552,prescribed_speed_not_measured_current,S18
514,6.9,3.084576,prescribed_speed_not_measured_current,S18
515,7.5,3.3528,prescribed_speed_not_measured_current,S18
516,11.1,4.9621439999999994,prescribed_speed_not_measured_current,S18
517,15.4,6.884416,prescribed_speed_not_measured_current,S18
518,19.9,8.896096,prescribed_speed_not_measured_current,S18
519,24.2,10.818368,prescribed_speed_not_measured_current,S18
520,27.1,12.114784,prescribed_speed_not_measured_current,S18
521,28.5,12.740639999999999,prescribed_speed_not_measured_current,S18
522,28.2,12.606527999999999,prescribed_speed_not_measured_current,S18
523,25.6,11.444224,prescribed_speed_not_measured_current,S18
524,21.7,9.700768,prescribed_speed_not_measured_current,S18
525,17.3,7.733792,prescribed_speed_not_measured_current,S18
526,12.1,5.409184,prescribed_speed_not_measured_current,S18
527,7.5,3.3528,prescribed_speed_not_measured_current,S18
528,5.8,2.592832,prescribed_speed_not_measured_current,S18
529,2.4,1.0728959999999998,prescribed_speed_not_measured_current,S18
530,1.2,0.5364479999999999,prescribed_speed_not_measured_current,S18
531,1.9,0.8493759999999999,prescribed_speed_not_measured_current,S18
532,6.7,2.995168,prescribed_speed_not_measured_current,S18
533,11.8,5.275072000000001,prescribed_speed_not_measured_current,S18
534,16.8,7.5102720000000005,prescribed_speed_not_measured_current,S18
535,21.7,9.700768,prescribed_speed_not_measured_current,S18
536,25.9,11.578335999999998,prescribed_speed_not_measured_current,S18
537,27.7,12.383008,prescribed_speed_not_measured_current,S18
538,28.0,12.51712,prescribed_speed_not_measured_current,S18
539,27.1,12.114784,prescribed_speed_not_measured_current,S18
540,24.4,10.907775999999998,prescribed_speed_not_measured_current,S18
541,20.2,9.030208,prescribed_speed_not_measured_current,S18
542,15.2,6.795007999999999,prescribed_speed_not_measured_current,S18
543,9.3,4.157472,prescribed_speed_not_measured_current,S18
544,5.0,2.2352,prescribed_speed_not_measured_current,S18
545,2.9,1.296416,prescribed_speed_not_measured_current,S18
546,2.4,1.0728959999999998,prescribed_speed_not_measured_current,S18
547,8.4,3.7551360000000003,prescribed_speed_not_measured_current,S18
548,13.5,6.0350399999999995,prescribed_speed_not_measured_current,S18
549,17.8,7.957312,prescribed_speed_not_measured_current,S18
550,22.2,9.924287999999999,prescribed_speed_not_measured_current,S18
551,26.2,11.712448,prescribed_speed_not_measured_current,S18
552,30.0,13.4112,prescribed_speed_not_measured_current,S18
553,29.8,13.321792,prescribed_speed_not_measured_current,S18
554,26.0,11.62304,prescribed_speed_not_measured_current,S18
555,21.3,9.521952,prescribed_speed_not_measured_current,S18
556,16.2,7.242048,prescribed_speed_not_measured_current,S18
557,11.4,5.096256,prescribed_speed_not_measured_current,S18
558,6.6,2.9504639999999998,prescribed_speed_not_measured_current,S18
559,2.6,1.162304,prescribed_speed_not_measured_current,S18
560,0.0,0.0,prescribed_speed_not_measured_current,S18
561,0.0,0.0,prescribed_speed_not_measured_current,S18
562,0.0,0.0,prescribed_speed_not_measured_current,S18
563,0.0,0.0,prescribed_speed_not_measured_current,S18
564,0.0,0.0,prescribed_speed_not_measured_current,S18
565,0.0,0.0,prescribed_speed_not_measured_current,S18
566,0.0,0.0,prescribed_speed_not_measured_current,S18
567,0.0,0.0,prescribed_speed_not_measured_current,S18
568,0.3,0.13411199999999998,prescribed_speed_not_measured_current,S18
569,6.4,2.861056,prescribed_speed_not_measured_current,S18
570,12.7,5.677408,prescribed_speed_not_measured_current,S18
571,19.2,8.583167999999999,prescribed_speed_not_measured_current,S18
572,23.8,10.639552,prescribed_speed_not_measured_current,S18
573,28.2,12.606527999999999,prescribed_speed_not_measured_current,S18
574,34.9,15.601695999999999,prescribed_speed_not_measured_current,S18
575,37.5,16.764,prescribed_speed_not_measured_current,S18
576,40.3,18.015711999999997,prescribed_speed_not_measured_current,S18
577,45.0,20.1168,prescribed_speed_not_measured_current,S18
578,49.9,22.307295999999997,prescribed_speed_not_measured_current,S18
579,51.6,23.067264,prescribed_speed_not_measured_current,S18
580,51.2,22.888448,prescribed_speed_not_measured_current,S18
581,50.6,22.620224,prescribed_speed_not_measured_current,S18
582,49.9,22.307295999999997,prescribed_speed_not_measured_current,S18
583,47.8,21.368512,prescribed_speed_not_measured_current,S18
584,44.6,19.937984,prescribed_speed_not_measured_current,S18
585,41.2,18.418048000000002,prescribed_speed_not_measured_current,S18
586,37.8,16.898111999999998,prescribed_speed_not_measured_current,S18
587,33.4,14.931135999999999,prescribed_speed_not_measured_current,S18
588,28.0,12.51712,prescribed_speed_not_measured_current,S18
589,23.7,10.594847999999999,prescribed_speed_not_measured_current,S18
590,18.8,8.404352,prescribed_speed_not_measured_current,S18
591,12.9,5.766816,prescribed_speed_not_measured_current,S18
592,6.2,2.771648,prescribed_speed_not_measured_current,S18
593,2.2,0.983488,prescribed_speed_not_measured_current,S18
594,0.0,0.0,prescribed_speed_not_measured_current,S18
595,0.0,0.0,prescribed_speed_not_measured_current,S18
596,0.0,0.0,prescribed_speed_not_measured_current,S18
597,0.0,0.0,prescribed_speed_not_measured_current,S18
598,0.0,0.0,prescribed_speed_not_measured_current,S18
599,0.0,0.0,prescribed_speed_not_measured_current,S18
600,0.0,0.0,prescribed_speed_not_measured_current,S18
