parameter_id,group,name_en,name_ko,unit_or_representation,dependencies,priority,required_by,acquisition_method_en,public_availability_en,source_ids,caution_ko,target_cell_value,uncertainty,state
cell_model,identity,Cell manufacturer and exact variant,제조사와 정확한 셀 변형 모델,text,batch,P0,all,Manufacturer traceability and protocol metadata,Usually public only at model level; batch and manufacturing history often absent,S01;S07;S08;S10,셀 모델·배치·시험 이력을 먼저 고정한다.,,,requirement_not_collected_value
chemistry_positive,identity,Positive-electrode composition and phase fractions,양극 조성과 상 분율,composition,batch,P0,all,Manufacturer traceability and protocol metadata,Usually public only at model level; batch and manufacturing history often absent,S01;S07;S08;S10,셀 모델·배치·시험 이력을 먼저 고정한다.,,,requirement_not_collected_value
chemistry_negative,identity,Negative-electrode composition and silicon fraction,음극 조성과 실리콘 비율,composition,batch,P0,all,Manufacturer traceability and protocol metadata,Usually public only at model level; batch and manufacturing history often absent,S01;S07;S08;S10,셀 모델·배치·시험 이력을 먼저 고정한다.,,,requirement_not_collected_value
cell_format,identity,Cell format and winding/stacking architecture,셀 형식과 권취·적층 방식,text,cell,P0,all,Manufacturer traceability and protocol metadata,Usually public only at model level; batch and manufacturing history often absent,S01;S07;S08;S10,셀 모델·배치·시험 이력을 먼저 고정한다.,,,requirement_not_collected_value
batch_id,identity,Manufacturing batch and individual ID,제조 배치와 개체 ID,text,cell,P0,all,Manufacturer traceability and protocol metadata,Usually public only at model level; batch and manufacturing history often absent,S01;S07;S08;S10,셀 모델·배치·시험 이력을 먼저 고정한다.,,,requirement_not_collected_value
formation_history,identity,Formation and preconditioning history,화성·사전 조건 이력,protocol,history,P0,all,Manufacturer traceability and protocol metadata,Usually public only at model level; batch and manufacturing history often absent,S01;S07;S08;S10,셀 모델·배치·시험 이력을 먼저 고정한다.,,,requirement_not_collected_value
nominal_capacity,identity,Rated capacity with reference test,정격 용량과 기준 시험 조건,Ah,T;rate;cutoff,P0,all,Manufacturer traceability and protocol metadata,Usually public only at model level; batch and manufacturing history often absent,S01;S07;S08;S10,셀 모델·배치·시험 이력을 먼저 고정한다.,,,requirement_not_collected_value
storage_history,identity,Pre-test storage and calendar age,시험 전 저장 이력과 달력 나이,s,T;SOC;history,P0,all,Manufacturer traceability and protocol metadata,Usually public only at model level; batch and manufacturing history often absent,S01;S07;S08;S10,셀 모델·배치·시험 이력을 먼저 고정한다.,,,requirement_not_collected_value
negative_thickness,geometry,Negative electrode coating thickness,음극 코팅 두께,m,compression,P0,DFN;thermal;mechanical,"Cell teardown, dimensional metrology, microscopy or CT with scale calibration",Partly available in parameter sets; full collector and tab CAD usually missing,S01;S05;S15,같은 셀의 길이·면적·층수 정의를 유지한다.,,,requirement_not_collected_value
positive_thickness,geometry,Positive electrode coating thickness,양극 코팅 두께,m,compression,P0,DFN;thermal;mechanical,"Cell teardown, dimensional metrology, microscopy or CT with scale calibration",Partly available in parameter sets; full collector and tab CAD usually missing,S01;S05;S15,같은 셀의 길이·면적·층수 정의를 유지한다.,,,requirement_not_collected_value
separator_thickness,geometry,Separator thickness,분리막 두께,m,compression;T,P0,DFN;thermal;mechanical,"Cell teardown, dimensional metrology, microscopy or CT with scale calibration",Partly available in parameter sets; full collector and tab CAD usually missing,S01;S05;S15,같은 셀의 길이·면적·층수 정의를 유지한다.,,,requirement_not_collected_value
negative_collector_thickness,geometry,Negative collector thickness,음극 집전체 두께,m,position,P0,DFN;thermal;mechanical,"Cell teardown, dimensional metrology, microscopy or CT with scale calibration",Partly available in parameter sets; full collector and tab CAD usually missing,S01;S05;S15,같은 셀의 길이·면적·층수 정의를 유지한다.,,,requirement_not_collected_value
positive_collector_thickness,geometry,Positive collector thickness,양극 집전체 두께,m,position,P0,DFN;thermal;mechanical,"Cell teardown, dimensional metrology, microscopy or CT with scale calibration",Partly available in parameter sets; full collector and tab CAD usually missing,S01;S05;S15,같은 셀의 길이·면적·층수 정의를 유지한다.,,,requirement_not_collected_value
electrode_area,geometry,Active electrode face area and normalization basis,활성 전극 면적과 정규화 기준,m2,electrode_pair,P0,DFN;thermal;mechanical,"Cell teardown, dimensional metrology, microscopy or CT with scale calibration",Partly available in parameter sets; full collector and tab CAD usually missing,S01;S05;S15,같은 셀의 길이·면적·층수 정의를 유지한다.,,,requirement_not_collected_value
parallel_electrode_pairs,geometry,Parallel electrode-pair count,병렬 전극 쌍 개수,1,cell,P0,DFN;thermal;mechanical,"Cell teardown, dimensional metrology, microscopy or CT with scale calibration",Partly available in parameter sets; full collector and tab CAD usually missing,S01;S05;S15,같은 셀의 길이·면적·층수 정의를 유지한다.,,,requirement_not_collected_value
cell_volume,geometry,Cell external volume,셀 외형 체적,m3,T;SOC,P0,DFN;thermal;mechanical,"Cell teardown, dimensional metrology, microscopy or CT with scale calibration",Partly available in parameter sets; full collector and tab CAD usually missing,S01;S05;S15,같은 셀의 길이·면적·층수 정의를 유지한다.,,,requirement_not_collected_value
cell_mass,geometry,Measured cell mass,셀 실측 질량,kg,cell,P0,DFN;thermal;mechanical,"Cell teardown, dimensional metrology, microscopy or CT with scale calibration",Partly available in parameter sets; full collector and tab CAD usually missing,S01;S05;S15,같은 셀의 길이·면적·층수 정의를 유지한다.,,,requirement_not_collected_value
cooling_area,geometry,Actually cooled surface area,실제 냉각 면적,m2,fixture,P0,DFN;thermal;mechanical,"Cell teardown, dimensional metrology, microscopy or CT with scale calibration",Partly available in parameter sets; full collector and tab CAD usually missing,S01;S05;S15,같은 셀의 길이·면적·층수 정의를 유지한다.,,,requirement_not_collected_value
tab_geometry,geometry,Tab positions and cross sections,탭 위치와 단면,m;m2,geometry,P0,DFN;thermal;mechanical,"Cell teardown, dimensional metrology, microscopy or CT with scale calibration",Partly available in parameter sets; full collector and tab CAD usually missing,S01;S05;S15,같은 셀의 길이·면적·층수 정의를 유지한다.,,,requirement_not_collected_value
winding_geometry,geometry,Jelly-roll radius pitch and uncoated margins,젤리롤 반경·피치·미도포 여백,m,geometry,P0,DFN;thermal;mechanical,"Cell teardown, dimensional metrology, microscopy or CT with scale calibration",Partly available in parameter sets; full collector and tab CAD usually missing,S01;S05;S15,같은 셀의 길이·면적·층수 정의를 유지한다.,,,requirement_not_collected_value
porosity_profiles,geometry,Through-thickness porosity profiles,두께 방향 기공률 분포,1,position;pressure;age,P0,DFN;thermal;mechanical,"Cell teardown, dimensional metrology, microscopy or CT with scale calibration",Partly available in parameter sets; full collector and tab CAD usually missing,S01;S05;S15,같은 셀의 길이·면적·층수 정의를 유지한다.,,,requirement_not_collected_value
particle_size_distribution,geometry,Active particle size distribution,활물질 입도 분포,m,phase,P0,DFN;thermal;mechanical,"Cell teardown, dimensional metrology, microscopy or CT with scale calibration",Partly available in parameter sets; full collector and tab CAD usually missing,S01;S05;S15,같은 셀의 길이·면적·층수 정의를 유지한다.,,,requirement_not_collected_value
active_surface_area,geometry,Electrochemically active surface per bulk volume,단위 체적당 전기화학 활성 면적,m-1,SOC;age,P0,DFN;thermal;mechanical,"Cell teardown, dimensional metrology, microscopy or CT with scale calibration",Partly available in parameter sets; full collector and tab CAD usually missing,S01;S05;S15,같은 셀의 길이·면적·층수 정의를 유지한다.,,,requirement_not_collected_value
active_volume_fraction,geometry,Active material volume fractions,활물질 체적 분율,1,phase;age,P0,DFN;thermal;mechanical,"Cell teardown, dimensional metrology, microscopy or CT with scale calibration",Partly available in parameter sets; full collector and tab CAD usually missing,S01;S05;S15,같은 셀의 길이·면적·층수 정의를 유지한다.,,,requirement_not_collected_value
inactive_fractions,geometry,Binder conductive-additive and void fractions,바인더·도전재·기공 분율,1,phase,P0,DFN;thermal;mechanical,"Cell teardown, dimensional metrology, microscopy or CT with scale calibration",Partly available in parameter sets; full collector and tab CAD usually missing,S01;S05;S15,같은 셀의 길이·면적·층수 정의를 유지한다.,,,requirement_not_collected_value
tortuosity_tensor,geometry,Directional transport tortuosity factor,방향별 수송 굴곡도 인자,1,direction;porosity,P0,DFN;thermal;mechanical,"Cell teardown, dimensional metrology, microscopy or CT with scale calibration",Partly available in parameter sets; full collector and tab CAD usually missing,S01;S05;S15,같은 셀의 길이·면적·층수 정의를 유지한다.,,,requirement_not_collected_value
voxel_resolution,geometry,Tomography voxel dimensions and label convention,CT 복셀 크기와 상 라벨 규칙,m,reconstruction,P0,DFN;thermal;mechanical,"Cell teardown, dimensional metrology, microscopy or CT with scale calibration",Partly available in parameter sets; full collector and tab CAD usually missing,S01;S05;S15,같은 셀의 길이·면적·층수 정의를 유지한다.,,,requirement_not_collected_value
negative_ocp,electrode,Negative OCP versus stoichiometry,음극 화학양론비별 평형 전위,V vs Li/Li+,stoichiometry;T;history,P0,SPM;SPMe;DFN,"Half-cell OCP, GITT/PITT, EIS and independent structural measurements",Strongly cell-specific; some public functions are fitted or literature-derived,S01;S02;S05,반쪽전지 전위·확산·반응 속도를 독립 근거와 함께 사용한다.,,,requirement_not_collected_value
positive_ocp,electrode,Positive OCP versus stoichiometry,양극 화학양론비별 평형 전위,V vs Li/Li+,stoichiometry;T;history,P0,SPM;SPMe;DFN,"Half-cell OCP, GITT/PITT, EIS and independent structural measurements",Strongly cell-specific; some public functions are fitted or literature-derived,S01;S02;S05,반쪽전지 전위·확산·반응 속도를 독립 근거와 함께 사용한다.,,,requirement_not_collected_value
negative_cmax,electrode,Negative maximum solid lithium concentration,음극 최대 고체 리튬 농도,mol m-3,phase,P0,SPM;SPMe;DFN,"Half-cell OCP, GITT/PITT, EIS and independent structural measurements",Strongly cell-specific; some public functions are fitted or literature-derived,S01;S02;S05,반쪽전지 전위·확산·반응 속도를 독립 근거와 함께 사용한다.,,,requirement_not_collected_value
positive_cmax,electrode,Positive maximum solid lithium concentration,양극 최대 고체 리튬 농도,mol m-3,phase,P0,SPM;SPMe;DFN,"Half-cell OCP, GITT/PITT, EIS and independent structural measurements",Strongly cell-specific; some public functions are fitted or literature-derived,S01;S02;S05,반쪽전지 전위·확산·반응 속도를 독립 근거와 함께 사용한다.,,,requirement_not_collected_value
stoich_limits,electrode,Usable electrode stoichiometric windows,전극 유효 화학양론비 구간,1,cutoff;SOH,P0,SPM;SPMe;DFN,"Half-cell OCP, GITT/PITT, EIS and independent structural measurements",Strongly cell-specific; some public functions are fitted or literature-derived,S01;S02;S05,반쪽전지 전위·확산·반응 속도를 독립 근거와 함께 사용한다.,,,requirement_not_collected_value
initial_stoich,electrode,Initial stoichiometry and lithium inventory,초기 화학양론비와 리튬 재고량,1;mol,SOC;SOH,P0,SPM;SPMe;DFN,"Half-cell OCP, GITT/PITT, EIS and independent structural measurements",Strongly cell-specific; some public functions are fitted or literature-derived,S01;S02;S05,반쪽전지 전위·확산·반응 속도를 독립 근거와 함께 사용한다.,,,requirement_not_collected_value
negative_diffusivity,electrode,Negative solid diffusivity function,음극 고체 확산계수 함수,m2 s-1,stoichiometry;T;stress,P0,SPM;SPMe;DFN,"Half-cell OCP, GITT/PITT, EIS and independent structural measurements",Strongly cell-specific; some public functions are fitted or literature-derived,S01;S02;S05,반쪽전지 전위·확산·반응 속도를 독립 근거와 함께 사용한다.,,,requirement_not_collected_value
positive_diffusivity,electrode,Positive solid diffusivity function,양극 고체 확산계수 함수,m2 s-1,stoichiometry;T;stress,P0,SPM;SPMe;DFN,"Half-cell OCP, GITT/PITT, EIS and independent structural measurements",Strongly cell-specific; some public functions are fitted or literature-derived,S01;S02;S05,반쪽전지 전위·확산·반응 속도를 독립 근거와 함께 사용한다.,,,requirement_not_collected_value
exchange_current,electrode,Exchange-current-density law and units,교환 전류밀도 법칙과 단위,A m-2,ce;cs;T,P0,SPM;SPMe;DFN,"Half-cell OCP, GITT/PITT, EIS and independent structural measurements",Strongly cell-specific; some public functions are fitted or literature-derived,S01;S02;S05,반쪽전지 전위·확산·반응 속도를 독립 근거와 함께 사용한다.,,,requirement_not_collected_value
kinetic_rate_constant,electrode,Kinetic coefficient with concentration convention,농도 정의를 포함한 반응 속도 계수,source-defined,ce;cs;T,P0,SPM;SPMe;DFN,"Half-cell OCP, GITT/PITT, EIS and independent structural measurements",Strongly cell-specific; some public functions are fitted or literature-derived,S01;S02;S05,반쪽전지 전위·확산·반응 속도를 독립 근거와 함께 사용한다.,,,requirement_not_collected_value
transfer_coefficients,electrode,Anodic/cathodic charge-transfer coefficients,양극·음극 방향 전하 전달 계수,1,reaction,P0,SPM;SPMe;DFN,"Half-cell OCP, GITT/PITT, EIS and independent structural measurements",Strongly cell-specific; some public functions are fitted or literature-derived,S01;S02;S05,반쪽전지 전위·확산·반응 속도를 독립 근거와 함께 사용한다.,,,requirement_not_collected_value
electrode_conductivity,electrode,Effective solid electronic conductivity,전극 유효 전자 전도도,S m-1,SOC;T;direction,P0,SPM;SPMe;DFN,"Half-cell OCP, GITT/PITT, EIS and independent structural measurements",Strongly cell-specific; some public functions are fitted or literature-derived,S01;S02;S05,반쪽전지 전위·확산·반응 속도를 독립 근거와 함께 사용한다.,,,requirement_not_collected_value
diffusion_activation_energy,electrode,Activation energy for diffusion,확산 활성화 에너지,J mol-1,phase;range,P0,SPM;SPMe;DFN,"Half-cell OCP, GITT/PITT, EIS and independent structural measurements",Strongly cell-specific; some public functions are fitted or literature-derived,S01;S02;S05,반쪽전지 전위·확산·반응 속도를 독립 근거와 함께 사용한다.,,,requirement_not_collected_value
kinetic_activation_energy,electrode,Activation energy for kinetics,반응 속도 활성화 에너지,J mol-1,phase;range,P0,SPM;SPMe;DFN,"Half-cell OCP, GITT/PITT, EIS and independent structural measurements",Strongly cell-specific; some public functions are fitted or literature-derived,S01;S02;S05,반쪽전지 전위·확산·반응 속도를 독립 근거와 함께 사용한다.,,,requirement_not_collected_value
double_layer_capacitance,electrode,Double-layer capacitance and area convention,이중층 정전용량과 면적 기준,F m-2,SOC;T,P0,SPM;SPMe;DFN,"Half-cell OCP, GITT/PITT, EIS and independent structural measurements",Strongly cell-specific; some public functions are fitted or literature-derived,S01;S02;S05,반쪽전지 전위·확산·반응 속도를 독립 근거와 함께 사용한다.,,,requirement_not_collected_value
hysteresis_parameters,electrode,Hysteresis amplitude and evolution law,히스테리시스 크기와 진화 법칙,V;source-defined,SOC;T;history,P0,SPM;SPMe;DFN,"Half-cell OCP, GITT/PITT, EIS and independent structural measurements",Strongly cell-specific; some public functions are fitted or literature-derived,S01;S02;S05,반쪽전지 전위·확산·반응 속도를 독립 근거와 함께 사용한다.,,,requirement_not_collected_value
phase_transition_law,electrode,Phase fraction and chemical-potential relation,상 분율과 화학 퍼텐셜 관계,source-defined,composition;T;history,P0,SPM;SPMe;DFN,"Half-cell OCP, GITT/PITT, EIS and independent structural measurements",Strongly cell-specific; some public functions are fitted or literature-derived,S01;S02;S05,반쪽전지 전위·확산·반응 속도를 독립 근거와 함께 사용한다.,,,requirement_not_collected_value
composite_phase_partition,electrode,Composite electrode phase-specific partition,복합 전극 상별 반응 분배,1,current;SOC;phase,P0,SPM;SPMe;DFN,"Half-cell OCP, GITT/PITT, EIS and independent structural measurements",Strongly cell-specific; some public functions are fitted or literature-derived,S01;S02;S05,반쪽전지 전위·확산·반응 속도를 독립 근거와 함께 사용한다.,,,requirement_not_collected_value
interfacial_film_resistance,electrode,Interfacial film resistance and area basis,계면 피막 저항과 면적 기준,ohm m2,age;T,P0,SPM;SPMe;DFN,"Half-cell OCP, GITT/PITT, EIS and independent structural measurements",Strongly cell-specific; some public functions are fitted or literature-derived,S01;S02;S05,반쪽전지 전위·확산·반응 속도를 독립 근거와 함께 사용한다.,,,requirement_not_collected_value
salt_solvent_composition,electrolyte,Salt solvent additive and concentration identity,염·용매·첨가제·농도 정보,composition,batch,P0,SPMe;DFN,"Electrolyte composition records, transport experiments and thermodynamic measurements",Often borrowed from a different concentration/solvent system,S01;S02;S05,농도·용매·염·온도 범위를 함께 확인한다.,,,requirement_not_collected_value
initial_electrolyte_concentration,electrolyte,Initial electrolyte salt concentration,초기 전해질 염 농도,mol m-3,T,P0,SPMe;DFN,"Electrolyte composition records, transport experiments and thermodynamic measurements",Often borrowed from a different concentration/solvent system,S01;S02;S05,농도·용매·염·온도 범위를 함께 확인한다.,,,requirement_not_collected_value
electrolyte_diffusivity,electrolyte,Electrolyte salt diffusivity,전해질 염 확산계수,m2 s-1,concentration;T,P0,SPMe;DFN,"Electrolyte composition records, transport experiments and thermodynamic measurements",Often borrowed from a different concentration/solvent system,S01;S02;S05,농도·용매·염·온도 범위를 함께 확인한다.,,,requirement_not_collected_value
electrolyte_conductivity,electrolyte,Electrolyte ionic conductivity,전해질 이온 전도도,S m-1,concentration;T,P0,SPMe;DFN,"Electrolyte composition records, transport experiments and thermodynamic measurements",Often borrowed from a different concentration/solvent system,S01;S02;S05,농도·용매·염·온도 범위를 함께 확인한다.,,,requirement_not_collected_value
transference_number,electrolyte,Cation transference number and frame definition,양이온 전달수와 기준계 정의,1,concentration;T,P0,SPMe;DFN,"Electrolyte composition records, transport experiments and thermodynamic measurements",Often borrowed from a different concentration/solvent system,S01;S02;S05,농도·용매·염·온도 범위를 함께 확인한다.,,,requirement_not_collected_value
thermodynamic_factor,electrolyte,Thermodynamic factor or activity derivative,열역학 인자와 활동도 미분,1,concentration;T,P0,SPMe;DFN,"Electrolyte composition records, transport experiments and thermodynamic measurements",Often borrowed from a different concentration/solvent system,S01;S02;S05,농도·용매·염·온도 범위를 함께 확인한다.,,,requirement_not_collected_value
electrolyte_activation,electrolyte,Transport activation energies,전해질 수송 활성화 에너지,J mol-1,range,P0,SPMe;DFN,"Electrolyte composition records, transport experiments and thermodynamic measurements",Often borrowed from a different concentration/solvent system,S01;S02;S05,농도·용매·염·온도 범위를 함께 확인한다.,,,requirement_not_collected_value
separator_transport,electrolyte,Separator transport efficiency and wetting,분리막 수송 효율과 젖음 상태,1,T;pressure;age,P0,SPMe;DFN,"Electrolyte composition records, transport experiments and thermodynamic measurements",Often borrowed from a different concentration/solvent system,S01;S02;S05,농도·용매·염·온도 범위를 함께 확인한다.,,,requirement_not_collected_value
electrolyte_density_viscosity,electrolyte,Electrolyte density and viscosity,전해질 밀도와 점도,kg m-3;Pa s,concentration;T,P0,SPMe;DFN,"Electrolyte composition records, transport experiments and thermodynamic measurements",Often borrowed from a different concentration/solvent system,S01;S02;S05,농도·용매·염·온도 범위를 함께 확인한다.,,,requirement_not_collected_value
voltage_trace,electrical,Terminal voltage time series,단자 전압 시계열,V,time,P0,ECM;validation;BMS,"Rested OCV, HPPC/pulses, dynamic cycling, EIS and instrument calibration",Time series abundant; fully rested and temperature-resolved maps less complete,S07;S08;S10,측정 조건과 전류 부호를 보존하고 기준값과 추정값을 구분한다.,,,requirement_not_collected_value
current_trace,electrical,Terminal current with sign convention,부호 정의가 있는 단자 전류,A,time,P0,ECM;validation;BMS,"Rested OCV, HPPC/pulses, dynamic cycling, EIS and instrument calibration",Time series abundant; fully rested and temperature-resolved maps less complete,S07;S08;S10,측정 조건과 전류 부호를 보존하고 기준값과 추정값을 구분한다.,,,requirement_not_collected_value
voltage_limits,electrical,Cell and protocol cutoff voltages,셀·프로토콜 차단 전압,V,T;SOH;protocol,P0,ECM;validation;BMS,"Rested OCV, HPPC/pulses, dynamic cycling, EIS and instrument calibration",Time series abundant; fully rested and temperature-resolved maps less complete,S07;S08;S10,측정 조건과 전류 부호를 보존하고 기준값과 추정값을 구분한다.,,,requirement_not_collected_value
ocv_soc_map,electrical,Rested full-cell OCV-SOC relation,충분히 휴지한 셀의 OCV-SOC 관계,V,SOC;T;history,P0,ECM;validation;BMS,"Rested OCV, HPPC/pulses, dynamic cycling, EIS and instrument calibration",Time series abundant; fully rested and temperature-resolved maps less complete,S07;S08;S10,측정 조건과 전류 부호를 보존하고 기준값과 추정값을 구분한다.,,,requirement_not_collected_value
pulse_resistance,electrical,Pulse-duration-specific resistance,펄스 시간별 저항,ohm,SOC;T;SOH;duration,P0,ECM;validation;BMS,"Rested OCV, HPPC/pulses, dynamic cycling, EIS and instrument calibration",Time series abundant; fully rested and temperature-resolved maps less complete,S07;S08;S10,측정 조건과 전류 부호를 보존하고 기준값과 추정값을 구분한다.,,,requirement_not_collected_value
ecm_rc_map,electrical,Equivalent-circuit R-C maps,등가회로 R-C 맵,ohm;F,SOC;T;SOH,P0,ECM;validation;BMS,"Rested OCV, HPPC/pulses, dynamic cycling, EIS and instrument calibration",Time series abundant; fully rested and temperature-resolved maps less complete,S07;S08;S10,측정 조건과 전류 부호를 보존하고 기준값과 추정값을 구분한다.,,,requirement_not_collected_value
eis_spectrum,electrical,Complex impedance and frequency,복소 임피던스와 주파수,ohm;Hz,SOC;T;amplitude;rest,P0,ECM;validation;BMS,"Rested OCV, HPPC/pulses, dynamic cycling, EIS and instrument calibration",Time series abundant; fully rested and temperature-resolved maps less complete,S07;S08;S10,측정 조건과 전류 부호를 보존하고 기준값과 추정값을 구분한다.,,,requirement_not_collected_value
charge_discharge_capacity,electrical,Measured charge and discharge capacity,실측 충전·방전 용량,Ah,protocol;T;age,P0,ECM;validation;BMS,"Rested OCV, HPPC/pulses, dynamic cycling, EIS and instrument calibration",Time series abundant; fully rested and temperature-resolved maps less complete,S07;S08;S10,측정 조건과 전류 부호를 보존하고 기준값과 추정값을 구분한다.,,,requirement_not_collected_value
relaxation_trace,electrical,Post-current voltage relaxation,전류 종료 후 전압 이완,V,time;history,P0,ECM;validation;BMS,"Rested OCV, HPPC/pulses, dynamic cycling, EIS and instrument calibration",Time series abundant; fully rested and temperature-resolved maps less complete,S07;S08;S10,측정 조건과 전류 부호를 보존하고 기준값과 추정값을 구분한다.,,,requirement_not_collected_value
coulombic_efficiency,electrical,Coulombic efficiency and integration definition,쿨롱 효율과 적분 정의,1,cycle;T;SOC,P0,ECM;validation;BMS,"Rested OCV, HPPC/pulses, dynamic cycling, EIS and instrument calibration",Time series abundant; fully rested and temperature-resolved maps less complete,S07;S08;S10,측정 조건과 전류 부호를 보존하고 기준값과 추정값을 구분한다.,,,requirement_not_collected_value
charger_profile,electrical,Charge control and taper termination,충전 제어와 정전압 종료 조건,protocol,T;SOH,P0,ECM;validation;BMS,"Rested OCV, HPPC/pulses, dynamic cycling, EIS and instrument calibration",Time series abundant; fully rested and temperature-resolved maps less complete,S07;S08;S10,측정 조건과 전류 부호를 보존하고 기준값과 추정값을 구분한다.,,,requirement_not_collected_value
heat_capacity,heat,Cell and layer specific heat capacity,셀·층별 비열,J kg-1 K-1,T;SOC,P1,electrothermal,"Calorimetry, thermal relaxation, controlled cooling and temperature sensors",Sparse matched-cell normal-operation thermal measurements,S01;S03;S14,표면·코어·주변 온도와 열 경계조건을 분리한다.,,,requirement_not_collected_value
density,heat,Thermal-domain density,열 도메인 밀도,kg m-3,phase;T,P1,electrothermal,"Calorimetry, thermal relaxation, controlled cooling and temperature sensors",Sparse matched-cell normal-operation thermal measurements,S01;S03;S14,표면·코어·주변 온도와 열 경계조건을 분리한다.,,,requirement_not_collected_value
thermal_conductivity_tensor,heat,Radial axial and in-plane thermal conductivity,반경·축·평면 방향 열전도율,W m-1 K-1,T;SOC;direction,P1,electrothermal,"Calorimetry, thermal relaxation, controlled cooling and temperature sensors",Sparse matched-cell normal-operation thermal measurements,S01;S03;S14,표면·코어·주변 온도와 열 경계조건을 분리한다.,,,requirement_not_collected_value
entropy_coefficient,heat,Electrode and full-cell entropic coefficient,전극·셀 엔트로피 계수,V K-1,stoichiometry;SOC;history,P1,electrothermal,"Calorimetry, thermal relaxation, controlled cooling and temperature sensors",Sparse matched-cell normal-operation thermal measurements,S01;S03;S14,표면·코어·주변 온도와 열 경계조건을 분리한다.,,,requirement_not_collected_value
contact_thermal_resistance,heat,Contact thermal resistance and area convention,접촉 열저항과 면적 기준,K W-1 or m2 K W-1,pressure;T,P1,electrothermal,"Calorimetry, thermal relaxation, controlled cooling and temperature sensors",Sparse matched-cell normal-operation thermal measurements,S01;S03;S14,표면·코어·주변 온도와 열 경계조건을 분리한다.,,,requirement_not_collected_value
convection_coefficient,heat,Boundary heat-transfer coefficient,경계 대류 열전달 계수,W m-2 K-1,flow;surface;T,P1,electrothermal,"Calorimetry, thermal relaxation, controlled cooling and temperature sensors",Sparse matched-cell normal-operation thermal measurements,S01;S03;S14,표면·코어·주변 온도와 열 경계조건을 분리한다.,,,requirement_not_collected_value
ambient_temperature,heat,Chamber or local ambient temperature,챔버·국소 주변 온도,K,time;position,P1,electrothermal,"Calorimetry, thermal relaxation, controlled cooling and temperature sensors",Sparse matched-cell normal-operation thermal measurements,S01;S03;S14,표면·코어·주변 온도와 열 경계조건을 분리한다.,,,requirement_not_collected_value
surface_temperature,heat,Cell surface sensor temperature,셀 표면 센서 온도,K,time;sensor_position,P1,electrothermal,"Calorimetry, thermal relaxation, controlled cooling and temperature sensors",Sparse matched-cell normal-operation thermal measurements,S01;S03;S14,표면·코어·주변 온도와 열 경계조건을 분리한다.,,,requirement_not_collected_value
core_temperature,heat,Internal sensor or inferred core temperature,내부 센서·추정 코어 온도,K,time;method,P1,electrothermal,"Calorimetry, thermal relaxation, controlled cooling and temperature sensors",Sparse matched-cell normal-operation thermal measurements,S01;S03;S14,표면·코어·주변 온도와 열 경계조건을 분리한다.,,,requirement_not_collected_value
normal_cycle_heat,heat,Normal-operation heat-generation time series,정상 작동 발열 시계열,W,time;SOC;current,P1,electrothermal,"Calorimetry, thermal relaxation, controlled cooling and temperature sensors",Sparse matched-cell normal-operation thermal measurements,S01;S03;S14,표면·코어·주변 온도와 열 경계조건을 분리한다.,,,requirement_not_collected_value
coolant_properties,heat,Coolant heat capacity density viscosity and conductivity,냉각수 비열·밀도·점도·열전도율,SI-property-map,T;composition,P1,electrothermal,"Calorimetry, thermal relaxation, controlled cooling and temperature sensors",Sparse matched-cell normal-operation thermal measurements,S01;S03;S14,표면·코어·주변 온도와 열 경계조건을 분리한다.,,,requirement_not_collected_value
coolant_flow_temperature,heat,Coolant mass flow inlet and outlet temperature,냉각수 질량 유량·입출구 온도,kg s-1;K,time,P1,electrothermal,"Calorimetry, thermal relaxation, controlled cooling and temperature sensors",Sparse matched-cell normal-operation thermal measurements,S01;S03;S14,표면·코어·주변 온도와 열 경계조건을 분리한다.,,,requirement_not_collected_value
radiative_properties,heat,Emissivity and radiative boundary view factors,방사율과 복사 형상계수,1,surface;T,P1,electrothermal,"Calorimetry, thermal relaxation, controlled cooling and temperature sensors",Sparse matched-cell normal-operation thermal measurements,S01;S03;S14,표면·코어·주변 온도와 열 경계조건을 분리한다.,,,requirement_not_collected_value
calendar_matrix,aging,Storage SOC-temperature-time matrix,저장 SOC·온도·시간 행렬,protocol,calendar_time,P1,degradation,"Calendar/cycle matrices, reference tests, differential voltage, post-mortem and independent diagnostics",Many capacity curves; mechanism-resolved coefficient identification remains incomplete,S04;S08;S09;S11;S25,사이클·달력 열화와 LLI·LAM 등 상태를 중복 계산하지 않는다.,,,requirement_not_collected_value
cycle_matrix,aging,Cycle rate-DOD-mean-SOC-temperature matrix,사이클 율·DOD·평균 SOC·온도 행렬,protocol,cycle;wall_time,P1,degradation,"Calendar/cycle matrices, reference tests, differential voltage, post-mortem and independent diagnostics",Many capacity curves; mechanism-resolved coefficient identification remains incomplete,S04;S08;S09;S11;S25,사이클·달력 열화와 LLI·LAM 등 상태를 중복 계산하지 않는다.,,,requirement_not_collected_value
reference_tests,aging,Reference performance test definition and traces,기준 성능 시험 정의와 시계열,protocol,age,P1,degradation,"Calendar/cycle matrices, reference tests, differential voltage, post-mortem and independent diagnostics",Many capacity curves; mechanism-resolved coefficient identification remains incomplete,S04;S08;S09;S11;S25,사이클·달력 열화와 LLI·LAM 등 상태를 중복 계산하지 않는다.,,,requirement_not_collected_value
capacity_fade,aging,Capacity retention at matched reference conditions,동일 기준 조건의 용량 유지율,1,age,P1,degradation,"Calendar/cycle matrices, reference tests, differential voltage, post-mortem and independent diagnostics",Many capacity curves; mechanism-resolved coefficient identification remains incomplete,S04;S08;S09;S11;S25,사이클·달력 열화와 LLI·LAM 등 상태를 중복 계산하지 않는다.,,,requirement_not_collected_value
resistance_growth,aging,Reference resistance and impedance growth,기준 저항·임피던스 증가,ohm,age;SOC;T,P1,degradation,"Calendar/cycle matrices, reference tests, differential voltage, post-mortem and independent diagnostics",Many capacity curves; mechanism-resolved coefficient identification remains incomplete,S04;S08;S09;S11;S25,사이클·달력 열화와 LLI·LAM 등 상태를 중복 계산하지 않는다.,,,requirement_not_collected_value
lli,aging,Loss of cyclable lithium inventory,순환 가능한 리튬 재고 손실,mol or fraction,age;history,P1,degradation,"Calendar/cycle matrices, reference tests, differential voltage, post-mortem and independent diagnostics",Many capacity curves; mechanism-resolved coefficient identification remains incomplete,S04;S08;S09;S11;S25,사이클·달력 열화와 LLI·LAM 등 상태를 중복 계산하지 않는다.,,,requirement_not_collected_value
lam_negative,aging,Loss of negative active material,음극 활물질 손실,fraction,age;stress,P1,degradation,"Calendar/cycle matrices, reference tests, differential voltage, post-mortem and independent diagnostics",Many capacity curves; mechanism-resolved coefficient identification remains incomplete,S04;S08;S09;S11;S25,사이클·달력 열화와 LLI·LAM 등 상태를 중복 계산하지 않는다.,,,requirement_not_collected_value
lam_positive,aging,Loss of positive active material,양극 활물질 손실,fraction,age;stress,P1,degradation,"Calendar/cycle matrices, reference tests, differential voltage, post-mortem and independent diagnostics",Many capacity curves; mechanism-resolved coefficient identification remains incomplete,S04;S08;S09;S11;S25,사이클·달력 열화와 LLI·LAM 등 상태를 중복 계산하지 않는다.,,,requirement_not_collected_value
sei_thickness,aging,SEI thickness and initial condition,SEI 두께와 초기 상태,m,time;T;potential,P1,degradation,"Calendar/cycle matrices, reference tests, differential voltage, post-mortem and independent diagnostics",Many capacity curves; mechanism-resolved coefficient identification remains incomplete,S04;S08;S09;S11;S25,사이클·달력 열화와 LLI·LAM 등 상태를 중복 계산하지 않는다.,,,requirement_not_collected_value
sei_kinetics,aging,SEI transport reaction and resistance coefficients,SEI 수송·반응·저항 계수,model-defined,T;potential;age,P1,degradation,"Calendar/cycle matrices, reference tests, differential voltage, post-mortem and independent diagnostics",Many capacity curves; mechanism-resolved coefficient identification remains incomplete,S04;S08;S09;S11;S25,사이클·달력 열화와 LLI·LAM 등 상태를 중복 계산하지 않는다.,,,requirement_not_collected_value
plating_inventory,aging,Plated lithium and dead-lithium inventory,석출 리튬과 비활성 리튬 재고량,mol,time;T;potential,P1,degradation,"Calendar/cycle matrices, reference tests, differential voltage, post-mortem and independent diagnostics",Many capacity curves; mechanism-resolved coefficient identification remains incomplete,S04;S08;S09;S11;S25,사이클·달력 열화와 LLI·LAM 등 상태를 중복 계산하지 않는다.,,,requirement_not_collected_value
plating_stripping_kinetics,aging,Lithium plating and stripping kinetics,리튬 석출·박리 속도 법칙,model-defined,T;potential,P1,degradation,"Calendar/cycle matrices, reference tests, differential voltage, post-mortem and independent diagnostics",Many capacity curves; mechanism-resolved coefficient identification remains incomplete,S04;S08;S09;S11;S25,사이클·달력 열화와 LLI·LAM 등 상태를 중복 계산하지 않는다.,,,requirement_not_collected_value
porosity_evolution,aging,Porosity and tortuosity evolution,기공률과 굴곡도 변화,fraction,age,P1,degradation,"Calendar/cycle matrices, reference tests, differential voltage, post-mortem and independent diagnostics",Many capacity curves; mechanism-resolved coefficient identification remains incomplete,S04;S08;S09;S11;S25,사이클·달력 열화와 LLI·LAM 등 상태를 중복 계산하지 않는다.,,,requirement_not_collected_value
crack_surface_evolution,aging,Particle cracking and new surface area,입자 균열과 신생 표면적,m2,stress;cycles,P1,degradation,"Calendar/cycle matrices, reference tests, differential voltage, post-mortem and independent diagnostics",Many capacity curves; mechanism-resolved coefficient identification remains incomplete,S04;S08;S09;S11;S25,사이클·달력 열화와 LLI·LAM 등 상태를 중복 계산하지 않는다.,,,requirement_not_collected_value
electrolyte_loss,aging,Electrolyte consumption and dry-out,전해질 소모와 건조,mol;kg,time;T,P1,degradation,"Calendar/cycle matrices, reference tests, differential voltage, post-mortem and independent diagnostics",Many capacity curves; mechanism-resolved coefficient identification remains incomplete,S04;S08;S09;S11;S25,사이클·달력 열화와 LLI·LAM 등 상태를 중복 계산하지 않는다.,,,requirement_not_collected_value
formation_gas,aging,Gas generation and formation-related loss,가스 발생과 화성 관련 손실,mol,history;T,P1,degradation,"Calendar/cycle matrices, reference tests, differential voltage, post-mortem and independent diagnostics",Many capacity curves; mechanism-resolved coefficient identification remains incomplete,S04;S08;S09;S11;S25,사이클·달력 열화와 LLI·LAM 등 상태를 중복 계산하지 않는다.,,,requirement_not_collected_value
differential_features,aging,dQ/dV and dV/dQ with smoothing provenance,평활화 이력이 있는 dQ/dV·dV/dQ,Ah V-1;V Ah-1,protocol;age,P1,degradation,"Calendar/cycle matrices, reference tests, differential voltage, post-mortem and independent diagnostics",Many capacity curves; mechanism-resolved coefficient identification remains incomplete,S04;S08;S09;S11;S25,사이클·달력 열화와 LLI·LAM 등 상태를 중복 계산하지 않는다.,,,requirement_not_collected_value
elastic_constants,mechanics,Elastic constants with anisotropy,이방성을 포함한 탄성 상수,Pa,SOC;T;phase,P2,chemo_mechanics,"Dilatometry, fixture load measurements, tomography and constitutive characterization",Fixture and constitutive data rarely match electrochemical parameter sets,S13;S15;S24,구속·압력·재구성 조건을 명시한다.,,,requirement_not_collected_value
poisson_ratio,mechanics,Poisson ratio,푸아송비,1,SOC;T,P2,chemo_mechanics,"Dilatometry, fixture load measurements, tomography and constitutive characterization",Fixture and constitutive data rarely match electrochemical parameter sets,S13;S15;S24,구속·압력·재구성 조건을 명시한다.,,,requirement_not_collected_value
partial_molar_volume,mechanics,Partial molar volume or chemical expansion law,부분 몰 체적·화학 팽창 법칙,m3 mol-1,composition,P2,chemo_mechanics,"Dilatometry, fixture load measurements, tomography and constitutive characterization",Fixture and constitutive data rarely match electrochemical parameter sets,S13;S15;S24,구속·압력·재구성 조건을 명시한다.,,,requirement_not_collected_value
reversible_expansion,mechanics,Reversible cell thickness or radius change,가역 셀 두께·반경 변화,m,SOC;pressure;T,P2,chemo_mechanics,"Dilatometry, fixture load measurements, tomography and constitutive characterization",Fixture and constitutive data rarely match electrochemical parameter sets,S13;S15;S24,구속·압력·재구성 조건을 명시한다.,,,requirement_not_collected_value
irreversible_swelling,mechanics,Irreversible swelling and creep,비가역 팽창과 크리프,m,age;pressure;T,P2,chemo_mechanics,"Dilatometry, fixture load measurements, tomography and constitutive characterization",Fixture and constitutive data rarely match electrochemical parameter sets,S13;S15;S24,구속·압력·재구성 조건을 명시한다.,,,requirement_not_collected_value
fixture_stiffness,mechanics,Fixture stiffness and imposed pressure,지그 강성과 인가 압력,N m-1;Pa,fixture,P2,chemo_mechanics,"Dilatometry, fixture load measurements, tomography and constitutive characterization",Fixture and constitutive data rarely match electrochemical parameter sets,S13;S15;S24,구속·압력·재구성 조건을 명시한다.,,,requirement_not_collected_value
fracture_law,mechanics,Fracture toughness and damage law,파괴 인성과 손상 법칙,model-defined,phase;T,P2,chemo_mechanics,"Dilatometry, fixture load measurements, tomography and constitutive characterization",Fixture and constitutive data rarely match electrochemical parameter sets,S13;S15;S24,구속·압력·재구성 조건을 명시한다.,,,requirement_not_collected_value
separator_mechanics,mechanics,Separator constitutive and failure behavior,분리막 구성·파손 거동,model-defined,T;strain_rate,P2,chemo_mechanics,"Dilatometry, fixture load measurements, tomography and constitutive characterization",Fixture and constitutive data rarely match electrochemical parameter sets,S13;S15;S24,구속·압력·재구성 조건을 명시한다.,,,requirement_not_collected_value
reaction_network,failure,Decomposition species and reaction network,분해 반응종과 반응 네트워크,reaction-list,chemistry;SOC,P2,abuse_model,Qualified laboratory failure data and source-specific calorimetric characterization,Useful failure-energy data; full reaction networks and pack propagation less public,S13;S14,정상 작동 모델과 안전·파손 모델의 유효 범위를 구분한다.,,,requirement_not_collected_value
reaction_kinetics,failure,Conditional kinetic prefactors and activation energies,조건별 반응 전지수 인자와 활성화 에너지,model-defined,chemistry;SOC;T,P2,abuse_model,Qualified laboratory failure data and source-specific calorimetric characterization,Useful failure-energy data; full reaction networks and pack propagation less public,S13;S14,정상 작동 모델과 안전·파손 모델의 유효 범위를 구분한다.,,,requirement_not_collected_value
reaction_enthalpy,failure,Decomposition reaction enthalpies,분해 반응 엔탈피,J kg-1 or J mol-1,reaction,P2,abuse_model,Qualified laboratory failure data and source-specific calorimetric characterization,Useful failure-energy data; full reaction networks and pack propagation less public,S13;S14,정상 작동 모델과 안전·파손 모델의 유효 범위를 구분한다.,,,requirement_not_collected_value
failure_heat_partition,failure,Body and ejecta energy partition,몸체·분출물 에너지 분배,J;fraction,cell;trigger;SOC,P2,abuse_model,Qualified laboratory failure data and source-specific calorimetric characterization,Useful failure-energy data; full reaction networks and pack propagation less public,S13;S14,정상 작동 모델과 안전·파손 모델의 유효 범위를 구분한다.,,,requirement_not_collected_value
failure_mass_partition,failure,Retained and ejected mass,잔류·분출 질량,kg,cell;trigger;SOC,P2,abuse_model,Qualified laboratory failure data and source-specific calorimetric characterization,Useful failure-energy data; full reaction networks and pack propagation less public,S13;S14,정상 작동 모델과 안전·파손 모델의 유효 범위를 구분한다.,,,requirement_not_collected_value
vent_boundary,failure,Vent opening flow and pressure boundary data,벤트 개방·유동·압력 경계 자료,Pa;kg s-1,time;cell,P2,abuse_model,Qualified laboratory failure data and source-specific calorimetric characterization,Useful failure-energy data; full reaction networks and pack propagation less public,S13;S14,정상 작동 모델과 안전·파손 모델의 유효 범위를 구분한다.,,,requirement_not_collected_value
short_resistance,failure,Conditional internal-short equivalent resistance,조건별 내부 단락 등가 저항,ohm,damage;T,P2,abuse_model,Qualified laboratory failure data and source-specific calorimetric characterization,Useful failure-energy data; full reaction networks and pack propagation less public,S13;S14,정상 작동 모델과 안전·파손 모델의 유효 범위를 구분한다.,,,requirement_not_collected_value
propagation_observations,failure,Module propagation and barrier observations,모듈 전파와 차단재 관측,time;K,geometry;SOC,P2,abuse_model,Qualified laboratory failure data and source-specific calorimetric characterization,Useful failure-energy data; full reaction networks and pack propagation less public,S13;S14,정상 작동 모델과 안전·파손 모델의 유효 범위를 구분한다.,,,requirement_not_collected_value
network_topology,pack,Electrical node-edge topology and Ns/Np,전기 노드·엣지 토폴로지와 Ns/Np,graph,configuration,P1,pack;BMS,"Topology documentation, contact characterization, coolant measurements and synchronized module telemetry",OEM topology/control/cooling CAD often unavailable,S03;S11;S20,단일 셀 복제로 대신하지 말고 분산과 상관관계를 유지한다.,,,requirement_not_collected_value
interconnect_resistance,pack,Busbar weld contactor and fuse resistance,버스바·용접·컨택터·퓨즈 저항,ohm,T;age,P1,pack;BMS,"Topology documentation, contact characterization, coolant measurements and synchronized module telemetry",OEM topology/control/cooling CAD often unavailable,S03;S11;S20,단일 셀 복제로 대신하지 말고 분산과 상관관계를 유지한다.,,,requirement_not_collected_value
cell_population,pack,Joint distribution of cell properties,셀 물성의 결합 분포,distribution,batch;age;position,P1,pack;BMS,"Topology documentation, contact characterization, coolant measurements and synchronized module telemetry",OEM topology/control/cooling CAD often unavailable,S03;S11;S20,단일 셀 복제로 대신하지 말고 분산과 상관관계를 유지한다.,,,requirement_not_collected_value
initial_state_population,pack,Initial SOC and temperature correlations,초기 SOC·온도 상관관계,distribution,cell;position,P1,pack;BMS,"Topology documentation, contact characterization, coolant measurements and synchronized module telemetry",OEM topology/control/cooling CAD often unavailable,S03;S11;S20,단일 셀 복제로 대신하지 말고 분산과 상관관계를 유지한다.,,,requirement_not_collected_value
cooling_network,pack,Cooling plates channels and thermal contacts,냉각판·유로·열 접촉망,geometry;network,pack,P1,pack;BMS,"Topology documentation, contact characterization, coolant measurements and synchronized module telemetry",OEM topology/control/cooling CAD often unavailable,S03;S11;S20,단일 셀 복제로 대신하지 말고 분산과 상관관계를 유지한다.,,,requirement_not_collected_value
balancing_logic,pack,Balancing thresholds currents and schedules,밸런싱 임계값·전류·스케줄,A;V;protocol,SOC;T,P1,pack;BMS,"Topology documentation, contact characterization, coolant measurements and synchronized module telemetry",OEM topology/control/cooling CAD often unavailable,S03;S11;S20,단일 셀 복제로 대신하지 말고 분산과 상관관계를 유지한다.,,,requirement_not_collected_value
bms_limits,pack,BMS charge discharge and protection limits,BMS 충방전·보호 한계,V;A;K,SOC;SOH;T,P1,pack;BMS,"Topology documentation, contact characterization, coolant measurements and synchronized module telemetry",OEM topology/control/cooling CAD often unavailable,S03;S11;S20,단일 셀 복제로 대신하지 말고 분산과 상관관계를 유지한다.,,,requirement_not_collected_value
sensor_model,pack,Sensor placement delay quantization and drift,센서 위치·지연·양자화·드리프트,SI-noise-model,sensor;T,P1,pack;BMS,"Topology documentation, contact characterization, coolant measurements and synchronized module telemetry",OEM topology/control/cooling CAD often unavailable,S03;S11;S20,단일 셀 복제로 대신하지 말고 분산과 상관관계를 유지한다.,,,requirement_not_collected_value
bms_estimator_output,pack,BMS SOC/SOH estimates and uncertainty,BMS SOC·SOH 추정과 불확실성,1,time;algorithm,P1,pack;BMS,"Topology documentation, contact characterization, coolant measurements and synchronized module telemetry",OEM topology/control/cooling CAD often unavailable,S03;S11;S20,단일 셀 복제로 대신하지 말고 분산과 상관관계를 유지한다.,,,requirement_not_collected_value
pack_validation,pack,Synchronized branch cell and pack telemetry,동기화된 분기·셀·팩 계측,A;V;K,time,P1,pack;BMS,"Topology documentation, contact characterization, coolant measurements and synchronized module telemetry",OEM topology/control/cooling CAD often unavailable,S03;S11;S20,단일 셀 복제로 대신하지 말고 분산과 상관관계를 유지한다.,,,requirement_not_collected_value
drive_speed,vehicle,Prescribed or measured vehicle speed,규정·실측 차량 속도,m s-1,time,P1,vehicle_boundary,Vehicle specification and synchronized vehicle/pack logs; prescribed speed schedules,Drive schedules public; efficiency maps and OEM controllers often not public,S17;S18,속도 프로파일을 전류 실측 데이터로 취급하지 않는다.,,,requirement_not_collected_value
road_grade,vehicle,Road gradient and elevation,도로 경사와 고도,rad;m,position,P1,vehicle_boundary,Vehicle specification and synchronized vehicle/pack logs; prescribed speed schedules,Drive schedules public; efficiency maps and OEM controllers often not public,S17;S18,속도 프로파일을 전류 실측 데이터로 취급하지 않는다.,,,requirement_not_collected_value
vehicle_mass,vehicle,Vehicle payload and equivalent rotating mass,차량 적재·등가 회전 질량,kg,configuration,P1,vehicle_boundary,Vehicle specification and synchronized vehicle/pack logs; prescribed speed schedules,Drive schedules public; efficiency maps and OEM controllers often not public,S17;S18,속도 프로파일을 전류 실측 데이터로 취급하지 않는다.,,,requirement_not_collected_value
aerodynamic_terms,vehicle,Drag coefficient and frontal area,항력 계수와 전면적,1;m2,speed;configuration,P1,vehicle_boundary,Vehicle specification and synchronized vehicle/pack logs; prescribed speed schedules,Drive schedules public; efficiency maps and OEM controllers often not public,S17;S18,속도 프로파일을 전류 실측 데이터로 취급하지 않는다.,,,requirement_not_collected_value
rolling_resistance,vehicle,Rolling resistance relation,구름 저항 관계,1,speed;T;load,P1,vehicle_boundary,Vehicle specification and synchronized vehicle/pack logs; prescribed speed schedules,Drive schedules public; efficiency maps and OEM controllers often not public,S17;S18,속도 프로파일을 전류 실측 데이터로 취급하지 않는다.,,,requirement_not_collected_value
drivetrain_efficiency,vehicle,Motor inverter gearbox efficiency maps,모터·인버터·기어박스 효율 맵,1,torque;speed;T,P1,vehicle_boundary,Vehicle specification and synchronized vehicle/pack logs; prescribed speed schedules,Drive schedules public; efficiency maps and OEM controllers often not public,S17;S18,속도 프로파일을 전류 실측 데이터로 취급하지 않는다.,,,requirement_not_collected_value
auxiliary_power,vehicle,HVAC pumps and auxiliary loads,공조·펌프·보조 부하,W,time;T,P1,vehicle_boundary,Vehicle specification and synchronized vehicle/pack logs; prescribed speed schedules,Drive schedules public; efficiency maps and OEM controllers often not public,S17;S18,속도 프로파일을 전류 실측 데이터로 취급하지 않는다.,,,requirement_not_collected_value
regen_control,vehicle,Regenerative braking and charge acceptance,회생 제동과 충전 수용 제어,W;A,SOC;T;speed,P1,vehicle_boundary,Vehicle specification and synchronized vehicle/pack logs; prescribed speed schedules,Drive schedules public; efficiency maps and OEM controllers often not public,S17;S18,속도 프로파일을 전류 실측 데이터로 취급하지 않는다.,,,requirement_not_collected_value
sampling_clock,quality,Sampling rate timestamps and clock resets,샘플링·시간표·시계 초기화,Hz;s,segment,P0,all,"Instrument specifications, calibration records and data provenance",Usually incomplete; unknown uncertainty must stay null,S07;S08;S10;S25,정밀한 소수점이 높은 정확도를 뜻하지 않는다.,,,requirement_not_collected_value
instrument_accuracy,quality,Instrument error and full-scale specification,계측 오차와 풀스케일 사양,source-defined,channel;range,P0,all,"Instrument specifications, calibration records and data provenance",Usually incomplete; unknown uncertainty must stay null,S07;S08;S10;S25,정밀한 소수점이 높은 정확도를 뜻하지 않는다.,,,requirement_not_collected_value
sensor_location,quality,Sensor location attachment and thermal lag,센서 위치·부착·열 지연,m;s,sensor,P0,all,"Instrument specifications, calibration records and data provenance",Usually incomplete; unknown uncertainty must stay null,S07;S08;S10;S25,정밀한 소수점이 높은 정확도를 뜻하지 않는다.,,,requirement_not_collected_value
uncertainty_covariance,quality,Parameter uncertainty and covariance,물성 불확실성과 공분산,distribution,parameter_set,P0,all,"Instrument specifications, calibration records and data provenance",Usually incomplete; unknown uncertainty must stay null,S07;S08;S10;S25,정밀한 소수점이 높은 정확도를 뜻하지 않는다.,,,requirement_not_collected_value
provenance_hash,quality,Source version license and content hashes,출처 버전·라이선스·내용 해시,text,artifact,P0,all,"Instrument specifications, calibration records and data provenance",Usually incomplete; unknown uncertainty must stay null,S07;S08;S10;S25,정밀한 소수점이 높은 정확도를 뜻하지 않는다.,,,requirement_not_collected_value
evidence_type,quality,Measured fitted borrowed synthetic or estimated label,실측·적합·차용·합성·추정 구분,enum,field,P0,all,"Instrument specifications, calibration records and data provenance",Usually incomplete; unknown uncertainty must stay null,S07;S08;S10;S25,정밀한 소수점이 높은 정확도를 뜻하지 않는다.,,,requirement_not_collected_value
validity_domain,quality,Validated domain and extrapolation policy,검증 영역과 외삽 정책,domain,model;data,P0,all,"Instrument specifications, calibration records and data provenance",Usually incomplete; unknown uncertainty must stay null,S07;S08;S10;S25,정밀한 소수점이 높은 정확도를 뜻하지 않는다.,,,requirement_not_collected_value
missing_data_policy,quality,Missingness duplicate and resampling policy,결측·중복·재표본화 정책,protocol,channel,P0,all,"Instrument specifications, calibration records and data provenance",Usually incomplete; unknown uncertainty must stay null,S07;S08;S10;S25,정밀한 소수점이 높은 정확도를 뜻하지 않는다.,,,requirement_not_collected_value
split_group,quality,Cell batch study and temporal holdout keys,셀·배치·연구·시간 홀드아웃 키,text,experiment,P0,all,"Instrument specifications, calibration records and data provenance",Usually incomplete; unknown uncertainty must stay null,S07;S08;S10;S25,정밀한 소수점이 높은 정확도를 뜻하지 않는다.,,,requirement_not_collected_value
